vertex1,vertex2,algorithm,time_ns,relaxed_edges,distance
317300065,34016705,D,277140291,960403,17854.0
317300065,34016705,BD,783000,96,-1.0
1285515696,1153310548,D,273806334,968326,19709.0
1285515696,1153310548,BD,496833,12,-1.0
1103889693,413265510,D,29337958,80862,2876.0
1103889693,413265510,BD,2733708,1029,-1.0
304361791,286671334,D,282991625,1107187,18743.0
304361791,286671334,BD,1033917,157,-1.0
2933373180,94069125,D,252998042,865376,16850.0
2933373180,94069125,BD,643042,59,-1.0
73036563,290878246,D,89951500,314801,3834.0
73036563,290878246,BD,986583,121,-1.0
1096800199,1124791586,D,254709000,860382,13739.0
1096800199,1124791586,BD,1669625,457,-1.0
4569433036,55617095,D,19272042,44395,2556.0
4569433036,55617095,BD,502917,24,-1.0
878783937,2866386967,D,221564833,793493,9455.0
878783937,2866386967,BD,2259208,817,-1.0
1099881648,3339648201,D,295696250,1148464,16762.0
1099881648,3339648201,BD,1167209,225,-1.0
1298861133,7897070,D,80158875,296008,6381.0
1298861133,7897070,BD,987583,160,-1.0
471150789,2950904923,D,74467042,251292,3548.0
471150789,2950904923,BD,1344458,307,-1.0
1757139344,1298565320,D,344180500,1155530,21905.0
1757139344,1298565320,BD,1911625,574,-1.0
452535455,1088790554,D,154817541,577738,8810.0
452535455,1088790554,BD,637625,59,-1.0
1709787479,303796213,D,102291667,381593,6443.0
1709787479,303796213,BD,995334,157,-1.0
290480029,2338494866,D,50806416,167818,2415.0
290480029,2338494866,BD,620083,52,-1.0
294204348,2058553744,D,66951875,212479,3439.0
294204348,2058553744,BD,1140208,195,-1.0
1798729250,1233971753,D,136201000,479805,5797.0
1798729250,1233971753,BD,1507833,386,-1.0
244101609,3505312244,D,153240375,535756,10840.0
244101609,3505312244,BD,1111833,179,-1.0
5236136128,364105989,D,180810583,530280,6998.0
5236136128,364105989,BD,773709,73,-1.0
2328440773,280312706,D,234628750,812336,11165.0
2328440773,280312706,BD,1717417,490,-1.0
1406334322,2070378722,D,46100125,156681,4810.0
1406334322,2070378722,BD,1756208,507,-1.0
778437596,273229985,D,297607375,1153508,13145.0
778437596,273229985,BD,1232500,252,-1.0
249293345,1114488408,D,190644708,755583,10173.0
249293345,1114488408,BD,1244542,263,-1.0
1375632594,280552447,D,139494000,470257,6378.0
1375632594,280552447,BD,1819125,558,-1.0
1124844555,302297292,D,83094958,298907,6831.0
1124844555,302297292,BD,1419417,344,-1.0
2340682105,1298639786,D,106341959,382735,6789.0
2340682105,1298639786,BD,515125,21,-1.0
3409803701,2142067332,D,287546709,1124403,15632.0
3409803701,2142067332,BD,1936208,565,-1.0
485993716,2242757881,D,189715292,737878,7813.0
485993716,2242757881,BD,1124375,232,-1.0
2002438656,1036398752,D,260538750,1032368,18471.0
2002438656,1036398752,BD,1735583,541,-1.0
1247136382,276263563,D,130169916,460089,6061.0
1247136382,276263563,BD,1061291,139,-1.0
547067984,5182294282,D,298382750,1115298,15843.0
547067984,5182294282,BD,1222292,225,-1.0
1153183256,489784883,D,244227542,839881,15553.0
1153183256,489784883,BD,1390500,331,-1.0
3590125603,2334818417,D,90716584,337171,6558.0
3590125603,2334818417,BD,803958,90,-1.0
1262340421,1098610425,D,311011667,1134269,13057.0
1262340421,1098610425,BD,958500,135,-1.0
1606903858,257427915,D,211726458,701618,7062.0
1606903858,257427915,BD,810875,98,-1.0
1117387239,95168467,D,179477583,672542,9892.0
1117387239,95168467,BD,867416,118,-1.0
1580827892,2514485902,D,88693500,314917,4419.0
1580827892,2514485902,BD,989875,152,-1.0
1251959626,268694277,D,57240541,197913,9113.0
1251959626,268694277,BD,658875,56,-1.0
1065913673,1579843974,D,74734042,222715,3161.0
1065913673,1579843974,BD,1071667,196,-1.0
1080063032,4460312229,D,234779250,869923,16951.0
1080063032,4460312229,BD,737500,102,-1.0
2475367106,3495012294,D,248455709,897643,13356.0
2475367106,3495012294,BD,934750,141,-1.0
418053070,1235136197,D,252288709,861222,10760.0
418053070,1235136197,BD,1068333,187,-1.0
413370375,1163348354,D,158325666,511479,6885.0
413370375,1163348354,BD,1179875,238,-1.0
5299795989,1226430663,D,274284750,648258,9588.0
5299795989,1226430663,BD,1053416,160,-1.0
3055578818,2502632598,D,247970791,859891,10375.0
3055578818,2502632598,BD,1557208,434,-1.0
2072598492,1098298362,D,286698542,1068762,16772.0
2072598492,1098298362,BD,1113291,185,-1.0
411666541,4699922222,D,125610416,422843,4958.0
411666541,4699922222,BD,1005083,178,-1.0
4321952767,289244356,D,167903834,622030,6461.0
4321952767,289244356,BD,624542,51,-1.0
250381338,313548043,D,63087500,206856,2761.0
250381338,313548043,BD,874250,120,-1.0
446017638,472391783,D,153987709,527405,7968.0
446017638,472391783,BD,2479042,931,-1.0
2937763064,265900839,D,123350042,434321,11197.0
2937763064,265900839,BD,845041,94,-1.0
2382249640,2351968087,D,189757208,725417,10864.0
2382249640,2351968087,BD,1112875,230,-1.0
3731683910,5019236312,D,96257375,349864,6287.0
3731683910,5019236312,BD,587500,42,-1.0
1177520957,24965599,D,266634666,954245,13330.0
1177520957,24965599,BD,1079375,180,-1.0
321642375,5254313114,D,7367083,14042,2055.0
321642375,5254313114,BD,800000,95,-1.0
1246629310,1756487082,D,39337917,118707,4909.0
1246629310,1756487082,BD,589792,48,-1.0
317991711,1408903686,D,299202125,1100658,13724.0
317991711,1408903686,BD,1535667,402,-1.0
3172142040,462718038,D,174465917,673596,6982.0
3172142040,462718038,BD,774958,85,-1.0
3413821700,687886,D,288244500,1057451,13702.0
3413821700,687886,BD,563833,34,-1.0
1229828190,4496599094,D,32605625,98136,2566.0
1229828190,4496599094,BD,639375,51,-1.0
612989113,4633376307,D,291372792,1169333,21629.0
612989113,4633376307,BD,974667,156,-1.0
310136716,1443568307,D,106308083,399125,6717.0
310136716,1443568307,BD,1717958,434,-1.0
4633374983,880397227,D,1426000,1037,499.0
4633374983,880397227,BD,1522750,399,499.0
446017634,2287771176,D,186540125,658773,9273.0
446017634,2287771176,BD,968625,122,-1.0
479298203,5312471089,D,88911625,305521,5639.0
479298203,5312471089,BD,647458,62,-1.0
5056697613,117992,D,225689750,763962,13997.0
5056697613,117992,BD,547458,39,-1.0
1606671625,4197908961,D,182240750,653015,13972.0
1606671625,4197908961,BD,716667,67,-1.0
30395626,318580785,D,154143708,603185,13569.0
30395626,318580785,BD,1104333,191,-1.0
2083150433,1546348540,D,289710459,1028133,16693.0
2083150433,1546348540,BD,1578917,396,-1.0
1140599805,259815577,D,8456375,16433,2006.0
1140599805,259815577,BD,1165000,289,-1.0
1142993216,280307764,D,254251792,912664,10098.0
1142993216,280307764,BD,602333,49,-1.0
284830115,4149992398,D,135933000,475785,5887.0
284830115,4149992398,BD,3224916,576,-1.0
272248160,5125092111,D,155582917,581037,8625.0
272248160,5125092111,BD,1882666,539,-1.0
366091438,372418586,D,103543459,398775,8484.0
366091438,372418586,BD,686041,70,-1.0
3897585976,497375310,D,46373084,134941,2566.0
3897585976,497375310,BD,647542,63,-1.0
1236202176,4979394425,D,300965833,1132216,17358.0
1236202176,4979394425,BD,1509917,359,-1.0
2962446940,1073461935,D,140498708,526053,5709.0
2962446940,1073461935,BD,836375,94,-1.0
5309217566,904022742,D,286752750,1127834,19252.0
5309217566,904022742,BD,944292,152,-1.0
1570136300,2500432956,D,239172583,868992,17144.0
1570136300,2500432956,BD,1357416,256,-1.0
2283210983,3222983420,D,125701334,426916,6399.0
2283210983,3222983420,BD,1278375,269,-1.0
4861668267,3379407509,D,235878709,877118,12591.0
4861668267,3379407509,BD,667916,63,-1.0
344579878,1165968994,D,253555208,919803,14742.0
344579878,1165968994,BD,2244334,699,-1.0
1105394048,266225778,D,148874375,523953,9282.0
1105394048,266225778,BD,1253000,251,-1.0
1729169129,30916165,D,272332333,991262,13731.0
1729169129,30916165,BD,677958,65,-1.0
1119749420,1099704221,D,203237542,719159,9456.0
1119749420,1099704221,BD,1125125,228,-1.0
8091689,276189367,D,101769250,386818,8603.0
8091689,276189367,BD,766250,82,-1.0
261027971,1117161696,D,193332167,730447,7588.0
261027971,1117161696,BD,660458,65,-1.0
269936898,85789276,D,276087417,955220,10835.0
269936898,85789276,BD,2047042,630,-1.0
1657807241,275977540,D,166888875,650459,13911.0
1657807241,275977540,BD,599167,41,-1.0
4785284484,1137326159,D,160502542,584123,7647.0
4785284484,1137326159,BD,1079875,213,-1.0
1299573381,4137529034,D,283514541,1022737,10839.0
1299573381,4137529034,BD,1878250,613,-1.0
1084359290,5307014746,D,247808958,912111,12729.0
1084359290,5307014746,BD,906500,126,-1.0
388650755,3818867351,D,139759625,488860,8371.0
388650755,3818867351,BD,993916,162,-1.0
1148889677,3827108495,D,285832542,1141331,20825.0
1148889677,3827108495,BD,2304125,743,-1.0
2600662098,748470448,D,43783083,139857,5548.0
2600662098,748470448,BD,1389708,331,-1.0
291839314,294280363,D,101289583,384283,7457.0
291839314,294280363,BD,609667,47,-1.0
3110160826,1986565045,D,253937416,907683,12456.0
3110160826,1986565045,BD,1084167,202,-1.0
2974709584,2652784549,D,3318542,4889,728.0
2974709584,2652784549,BD,882458,125,-1.0
3715603908,255740482,D,304964375,980844,11102.0
3715603908,255740482,BD,944500,114,-1.0
297194886,263451373,D,167743208,671242,13487.0
297194886,263451373,BD,1493458,389,-1.0
2522086789,1746863929,D,55272125,184636,5362.0
2522086789,1746863929,BD,433000,13,-1.0
312591642,1168444553,D,185251709,677233,10627.0
312591642,1168444553,BD,1182541,225,-1.0
769214349,746868997,D,184577750,716929,10915.0
769214349,746868997,BD,1242375,255,-1.0
5236424992,3330556599,D,20731041,49161,2237.0
5236424992,3330556599,BD,784375,97,-1.0
414573392,2931542879,D,271326167,1027953,18611.0
414573392,2931542879,BD,851417,98,-1.0
669096304,1299751600,D,164976959,647789,7600.0
669096304,1299751600,BD,1046375,186,-1.0
3619147632,1172802487,D,265963333,991565,13343.0
3619147632,1172802487,BD,1523292,332,-1.0
278878404,3268034126,D,149766250,527418,13052.0
278878404,3268034126,BD,1117750,200,-1.0
295632527,252188484,D,196327709,729528,7443.0
295632527,252188484,BD,1631959,470,-1.0
5343388971,26981894,D,299604834,1150673,18946.0
5343388971,26981894,BD,1044125,153,-1.0
290678176,1131286350,D,313378500,1144903,15003.0
290678176,1131286350,BD,2528625,883,-1.0
506345267,2591865236,D,245767375,927499,15046.0
506345267,2591865236,BD,1357625,301,-1.0
4141679787,4029779478,D,170683667,638630,8605.0
4141679787,4029779478,BD,2382334,842,-1.0
1082697397,2513841636,D,135193583,456757,4827.0
1082697397,2513841636,BD,1097625,200,-1.0
260996239,494616321,D,80255917,274030,3331.0
260996239,494616321,BD,1445417,361,-1.0
2332126134,575395,D,256727666,932397,14479.0
2332126134,575395,BD,929917,147,-1.0
2416519335,1237456653,D,105870291,346270,4497.0
2416519335,1237456653,BD,1294292,277,-1.0
3440082612,1347334739,D,270073084,978524,14021.0
3440082612,1347334739,BD,792458,72,-1.0
2961172303,4173955942,D,39580583,118850,2593.0
2961172303,4173955942,BD,690958,67,-1.0
451023665,746346133,D,118241834,407664,6899.0
451023665,746346133,BD,1348209,328,-1.0
1427084725,1094993305,D,229405834,815767,11269.0
1427084725,1094993305,BD,1497250,355,-1.0
260769601,5392686856,D,156313041,574657,9277.0
260769601,5392686856,BD,630000,54,-1.0
263703812,1576112092,D,123897583,436310,10250.0
263703812,1576112092,BD,1526500,402,-1.0
258604272,252121736,D,93104084,321759,4247.0
258604272,252121736,BD,722417,75,-1.0
3910340716,4523985331,D,182137334,720662,14433.0
3910340716,4523985331,BD,526292,29,-1.0
5074029610,459792608,D,284258084,1060786,19360.0
5074029610,459792608,BD,894833,121,-1.0
258413759,4642140058,D,76164042,246087,3284.0
258413759,4642140058,BD,1515041,378,-1.0
280695422,694391023,D,96749166,344405,6173.0
280695422,694391023,BD,837333,107,-1.0
271437677,270728228,D,120006750,428716,9836.0
271437677,270728228,BD,760208,82,-1.0
1128112990,2558013647,D,127150959,456088,7551.0
1128112990,2558013647,BD,1464167,352,-1.0
339902642,1161152770,D,197634750,771044,10972.0
339902642,1161152770,BD,2289958,864,-1.0
189046201,281412079,D,146005583,549590,8684.0
189046201,281412079,BD,862584,111,-1.0
2857799211,4927560422,D,76605917,239504,6488.0
2857799211,4927560422,BD,663834,61,-1.0
1582402452,1217907680,D,141839958,510519,6166.0
1582402452,1217907680,BD,842916,113,-1.0
977747950,1578631441,D,197934791,793424,10851.0
977747950,1578631441,BD,1705167,488,-1.0
1137748632,1239556473,D,289535750,1106058,17686.0
1137748632,1239556473,BD,1181666,248,-1.0
2476554913,383912442,D,150783750,567972,7440.0
2476554913,383912442,BD,559500,40,-1.0
1463666783,3473563080,D,176895000,681497,8137.0
1463666783,3473563080,BD,1327875,263,-1.0
1582185667,277456096,D,137004750,423454,5613.0
1582185667,277456096,BD,1395542,348,-1.0
15043918,3481132109,D,270054084,996455,11494.0
15043918,3481132109,BD,935333,147,-1.0
300994400,277628456,D,249340709,882566,11768.0
300994400,277628456,BD,1052042,173,-1.0
5269710444,1080957023,D,289367625,1086541,17993.0
5269710444,1080957023,BD,926042,132,-1.0
4581780653,1237292900,D,124847833,445497,8839.0
4581780653,1237292900,BD,1322625,289,-1.0
389137193,1879793390,D,96973750,341363,8569.0
389137193,1879793390,BD,634375,63,-1.0
271807750,1151844678,D,174673000,635652,11350.0
271807750,1151844678,BD,1058750,198,-1.0
2233653014,1345221689,D,41034375,118101,2738.0
2233653014,1345221689,BD,1164708,254,-1.0
460480801,3224617114,D,40108542,114080,2674.0
460480801,3224617114,BD,1676792,490,-1.0
1493427600,5012629216,D,196707750,745390,12155.0
1493427600,5012629216,BD,1304500,286,-1.0
9786572,1457078620,D,273726416,1050736,13984.0
9786572,1457078620,BD,1191916,215,-1.0
306245469,393773529,D,277380083,1040687,12234.0
306245469,393773529,BD,1705625,463,-1.0
1233968299,322106730,D,301585167,1143280,16640.0
1233968299,322106730,BD,1326750,280,-1.0
310717660,452535412,D,79983333,257501,5371.0
310717660,452535412,BD,1589167,439,-1.0
1272528018,1313455828,D,135366708,477873,5605.0
1272528018,1313455828,BD,1251666,269,-1.0
1057409991,1785976009,D,51683792,180049,4770.0
1057409991,1785976009,BD,845542,108,-1.0
958445382,1231323115,D,94401083,337113,7410.0
958445382,1231323115,BD,801292,88,-1.0
4569433942,4197209896,D,310933583,1133059,18511.0
4569433942,4197209896,BD,571125,43,-1.0
1177204918,252262687,D,85706417,279871,5545.0
1177204918,252262687,BD,1030000,133,-1.0
290100646,2974709581,D,28965667,80935,1520.0
290100646,2974709581,BD,890583,113,-1.0
1296445291,244976381,D,303113875,1125043,13364.0
1296445291,244976381,BD,1412875,327,-1.0
692665,1689133583,D,274311709,1040834,12419.0
692665,1689133583,BD,1403500,297,-1.0
383891713,1223537720,D,75923709,218593,6138.0
383891713,1223537720,BD,3875625,1832,-1.0
479316105,3258979443,D,83125833,256071,4545.0
479316105,3258979443,BD,939584,132,-1.0
3034207150,17345227,D,278061583,1049810,11436.0
3034207150,17345227,BD,971458,137,-1.0
318593689,278798620,D,170606416,635636,7133.0
318593689,278798620,BD,769875,88,-1.0
438047606,119100867,D,24246500,59412,1619.0
438047606,119100867,BD,943834,144,-1.0
2229300331,434437691,D,26096167,73483,3283.0
2229300331,434437691,BD,1537417,396,-1.0
3088895286,370117919,D,193405750,764089,12377.0
3088895286,370117919,BD,1195625,173,-1.0
211493653,1549344322,D,54027667,175822,3110.0
211493653,1549344322,BD,1377291,346,-1.0
2127601667,189092217,D,68788750,225599,5564.0
2127601667,189092217,BD,941958,135,-1.0
2047074118,1043107378,D,185956250,706913,9412.0
2047074118,1043107378,BD,1192167,241,-1.0
1170950491,305575253,D,149088834,529492,9267.0
1170950491,305575253,BD,1258459,240,-1.0
1975371129,2590819722,D,268986334,997315,14438.0
1975371129,2590819722,BD,787208,90,-1.0
450563990,1132488051,D,3908333,5904,1061.0
450563990,1132488051,BD,1434292,333,-1.0
484688359,604004818,D,23392750,54976,1971.0
484688359,604004818,BD,520292,33,-1.0
2669539881,34002150,D,8489208,17158,3204.0
2669539881,34002150,BD,2655959,1099,-1.0
617811212,1681733869,D,56583291,184276,3616.0
617811212,1681733869,BD,707209,76,-1.0
2655806998,1166294742,D,208008250,809429,10020.0
2655806998,1166294742,BD,737584,96,-1.0
1246433241,469733216,D,147814708,535102,7283.0
1246433241,469733216,BD,509083,25,-1.0
311607280,2359406687,D,104599875,376229,6318.0
311607280,2359406687,BD,916167,121,-1.0
158693993,3776908207,D,267393334,893763,13782.0
158693993,3776908207,BD,1553417,312,-1.0
1102901519,882380650,D,186728792,699319,10954.0
1102901519,882380650,BD,2811041,451,-1.0
3531222298,1893856878,D,426749917,992965,17221.0
3531222298,1893856878,BD,1201291,216,-1.0
1524382451,1113638191,D,148841667,507282,12054.0
1524382451,1113638191,BD,602167,49,-1.0
1103737047,32993243,D,15501416,33720,1716.0
1103737047,32993243,BD,1019750,169,-1.0
802364333,2497159095,D,215961041,765826,12408.0
802364333,2497159095,BD,1256709,256,-1.0
1635179451,1300111852,D,127911000,418499,5296.0
1635179451,1300111852,BD,1043417,163,-1.0
272497942,1301954934,D,313866833,999608,12957.0
272497942,1301954934,BD,1776083,492,-1.0
1927072430,4696037092,D,142280375,507781,11149.0
1927072430,4696037092,BD,1472541,350,-1.0
2505524876,5236132715,D,15763000,34089,3866.0
2505524876,5236132715,BD,636416,52,-1.0
1665886639,60693726,D,302323667,1123742,11425.0
1665886639,60693726,BD,1210125,243,-1.0
322022926,1219553179,D,111337458,396862,6295.0
322022926,1219553179,BD,475875,15,-1.0
611898315,1239268489,D,154752083,542661,7499.0
611898315,1239268489,BD,2469917,914,-1.0
149198823,311831740,D,14850084,31367,1622.0
149198823,311831740,BD,925625,128,-1.0
3166450427,1820489981,D,72783709,233575,3198.0
3166450427,1820489981,BD,1175125,245,-1.0
1576155249,3199371222,D,132527125,428343,5645.0
1576155249,3199371222,BD,770459,121,-1.0
4738359078,322750947,D,154335000,563635,7307.0
4738359078,322750947,BD,1907084,553,-1.0
2386012784,746859108,D,79082750,297191,6662.0
2386012784,746859108,BD,674042,66,-1.0
1187625019,245460439,D,106028292,392314,8957.0
1187625019,245460439,BD,1342334,306,-1.0
3193767155,148504,D,285773875,1100379,18568.0
3193767155,148504,BD,876042,125,-1.0
4896533578,5286705695,D,39354417,118016,4002.0
4896533578,5286705695,BD,1253584,239,-1.0
855516453,2118218868,D,9309958,18515,1689.0
855516453,2118218868,BD,1224666,255,-1.0
3111473093,274068932,D,277495250,1027141,14685.0
3111473093,274068932,BD,1078833,159,-1.0
1654305387,1576571269,D,47034792,155379,3934.0
1654305387,1576571269,BD,882375,106,-1.0
361518205,1468014809,D,250545584,909436,12128.0
361518205,1468014809,BD,520500,31,-1.0
4614984641,1558249097,D,242558375,898188,16459.0
4614984641,1558249097,BD,859541,115,-1.0
2613874438,1615575482,D,144041500,534747,8060.0
2613874438,1615575482,BD,1344250,344,-1.0
2520774280,1419226211,D,27915500,70064,2829.0
2520774280,1419226211,BD,956959,157,-1.0
370117576,772833213,D,87632000,297501,4270.0
370117576,772833213,BD,582584,40,-1.0
2894074258,2333040052,D,266593333,1020396,18014.0
2894074258,2333040052,BD,851166,113,-1.0
576287849,1472220331,D,288126166,1062067,16325.0
576287849,1472220331,BD,1396917,314,-1.0
2589230552,117710,D,136408792,505376,8095.0
2589230552,117710,BD,718042,69,-1.0
1509547523,1355674049,D,258450666,979280,18991.0
1509547523,1355674049,BD,723958,78,-1.0
1045772288,3090324174,D,123177458,426907,5117.0
1045772288,3090324174,BD,1164208,222,-1.0
1600966664,3679040488,D,302765625,1130889,17374.0
1600966664,3679040488,BD,812542,95,-1.0
3258368334,3261672955,D,137657000,515744,12999.0
3258368334,3261672955,BD,1086834,192,-1.0
1082617160,4731020967,D,166073458,634924,12878.0
1082617160,4731020967,BD,861666,122,-1.0
3835639505,532330636,D,185565333,735467,14639.0
3835639505,532330636,BD,680708,61,-1.0
283125763,1332270178,D,187865792,721016,8878.0
283125763,1332270178,BD,1436125,359,-1.0
4793530516,1696985370,D,289535958,1039718,14539.0
4793530516,1696985370,BD,813000,100,-1.0
290751636,1127674763,D,212303042,757466,11045.0
290751636,1127674763,BD,473333,17,-1.0
1563759320,1105391836,D,189659208,735582,9012.0
1563759320,1105391836,BD,1489125,352,-1.0
881317842,432450752,D,26420542,70040,2479.0
881317842,432450752,BD,1212583,319,-1.0
33179536,249579713,D,269070292,1035246,15014.0
33179536,249579713,BD,1019833,177,-1.0
1153204261,3897416318,D,2674750,3450,1852.0
1153204261,3897416318,BD,632583,48,-1.0
277548073,3444981599,D,289885834,1095885,19496.0
277548073,3444981599,BD,1474625,391,-1.0
2716927097,828094480,D,236904584,824481,8972.0
2716927097,828094480,BD,1100792,197,-1.0
2375811785,4339308658,D,278887917,916634,11190.0
2375811785,4339308658,BD,997709,153,-1.0
2504666026,1151684833,D,75375417,231739,3406.0
2504666026,1151684833,BD,499958,23,-1.0
432483367,7305584,D,294699375,1101340,12012.0
432483367,7305584,BD,994375,168,-1.0
310404465,2991236426,D,42132791,134927,5281.0
310404465,2991236426,BD,1230417,251,-1.0
1097376280,593864509,D,275835917,1000839,15293.0
1097376280,593864509,BD,1130250,224,-1.0
4868595987,3673871029,D,164540791,611528,8589.0
4868595987,3673871029,BD,661291,48,-1.0
252126284,1169543772,D,49125541,165093,3114.0
252126284,1169543772,BD,1354500,304,-1.0
345521687,3464340234,D,307584750,1031323,18238.0
345521687,3464340234,BD,1253375,256,-1.0
391751205,3675102028,D,191986750,789104,13991.0
391751205,3675102028,BD,802459,93,-1.0
5074048337,1583979595,D,146875667,550629,12963.0
5074048337,1583979595,BD,937458,177,-1.0
3263817541,4560720407,D,131520416,419566,4956.0
3263817541,4560720407,BD,565583,36,-1.0
3015929129,3296593280,D,30939167,93551,1957.0
3015929129,3296593280,BD,615750,50,-1.0
469398139,3887956385,D,138873708,504999,7193.0
469398139,3887956385,BD,1658583,434,-1.0
3356133774,1210799869,D,23449375,54624,1643.0
3356133774,1210799869,BD,563625,44,-1.0
1164866919,1297668588,D,87498584,320885,7196.0
1164866919,1297668588,BD,1288875,278,-1.0
4916005225,4124581732,D,337187333,1128905,13756.0
4916005225,4124581732,BD,1061250,183,-1.0
1139557628,1282837337,D,124801833,457858,8234.0
1139557628,1282837337,BD,659583,77,-1.0
3244258327,279825351,D,136427625,503931,7974.0
3244258327,279825351,BD,1130209,213,-1.0
1350776901,1126788345,D,283342583,881896,13079.0
1350776901,1126788345,BD,1179667,247,-1.0
1271044483,1699826201,D,136013709,411117,6695.0
1271044483,1699826201,BD,1214541,182,-1.0
1590545894,5327253228,D,275574375,910665,9901.0
1590545894,5327253228,BD,1601667,391,-1.0
280821205,411667804,D,81619667,274132,6128.0
280821205,411667804,BD,708958,74,-1.0
442497988,1121917492,D,150781750,564974,8396.0
442497988,1121917492,BD,942750,140,-1.0
2367885111,446015758,D,181385458,672640,7592.0
2367885111,446015758,BD,1181083,206,-1.0
1083314873,266629284,D,257996958,868763,9583.0
1083314873,266629284,BD,798167,98,-1.0
2724962402,2606351595,D,115905583,415291,8217.0
2724962402,2606351595,BD,693375,53,-1.0
1661041119,5405903565,D,146354500,557541,12399.0
1661041119,5405903565,BD,2959583,1200,-1.0
3697135512,2754293016,D,253371625,947451,13822.0
3697135512,2754293016,BD,476125,16,-1.0
265468163,1021312713,D,268412500,1012827,15313.0
265468163,1021312713,BD,718709,79,-1.0
2880082199,2411629102,D,259999458,1002581,17656.0
2880082199,2411629102,BD,1003416,163,-1.0
30405571,2343073443,D,74651250,250759,4860.0
30405571,2343073443,BD,631084,59,-1.0
3913041033,7451590,D,107978042,395076,9280.0
3913041033,7451590,BD,1945292,637,-1.0
1939538473,1446413294,D,201092792,789681,10974.0
1939538473,1446413294,BD,1170875,216,-1.0
2415181014,2852225649,D,180796458,683238,7235.0
2415181014,2852225649,BD,1145375,207,-1.0
5282333170,1100387418,D,202888583,808172,10235.0
5282333170,1100387418,BD,953625,149,-1.0
4195690506,1098423300,D,142684750,539019,10447.0
4195690506,1098423300,BD,684834,66,-1.0
1275874251,3190136387,D,172890375,709580,14885.0
1275874251,3190136387,BD,1413459,315,-1.0
4141679788,70635187,D,103868125,353942,6055.0
4141679788,70635187,BD,598291,50,-1.0
2404675587,1700969281,D,110414917,398396,10187.0
2404675587,1700969281,BD,1334458,137,-1.0
2568737829,497314069,D,177602583,711650,12701.0
2568737829,497314069,BD,599375,48,-1.0
3720044059,370596333,D,287617875,990312,11180.0
3720044059,370596333,BD,905708,109,-1.0
5180850986,59871338,D,103359375,369315,7535.0
5180850986,59871338,BD,699000,62,-1.0
2459845082,60114593,D,75476875,268002,4895.0
2459845082,60114593,BD,803083,98,-1.0
282249643,3060707281,D,304847042,1116629,19593.0
282249643,3060707281,BD,1052792,187,-1.0
401288229,3575174894,D,91041208,343312,7655.0
401288229,3575174894,BD,1732834,486,-1.0
653945614,252127996,D,300283541,1174775,19514.0
653945614,252127996,BD,1744750,478,-1.0
1215232033,2332905600,D,267662333,909408,9473.0
1215232033,2332905600,BD,1338125,312,-1.0
1624098746,1071187338,D,26524958,73279,2444.0
1624098746,1071187338,BD,810417,107,-1.0
3431396238,1618989142,D,59645291,201762,2768.0
3431396238,1618989142,BD,1106500,209,-1.0
1722795189,2332905642,D,13884125,26929,1179.0
1722795189,2332905642,BD,2058834,635,-1.0
1298917143,2918514687,D,286347125,1116741,21548.0
1298917143,2918514687,BD,785708,76,-1.0
1179646579,281411797,D,84766542,281577,5256.0
1179646579,281411797,BD,1007375,215,-1.0
3770730380,30362667,D,300686666,1142967,20851.0
3770730380,30362667,BD,896792,116,-1.0
5312677630,253265635,D,173092667,634268,13881.0
5312677630,253265635,BD,624208,50,-1.0
1902130935,1105172950,D,253287667,966135,17170.0
1902130935,1105172950,BD,1007959,151,-1.0
271750682,190717168,D,188957542,718262,9672.0
271750682,190717168,BD,915541,129,-1.0
84460314,1164867530,D,294608333,1131261,19802.0
84460314,1164867530,BD,2442083,887,-1.0
882222774,30562204,D,294680959,1033393,15378.0
882222774,30562204,BD,1324167,312,-1.0
444921085,1137710983,D,9137416,17983,1442.0
444921085,1137710983,BD,2013458,585,-1.0
367041624,3855245465,D,190836667,729418,12617.0
367041624,3855245465,BD,2427083,909,-1.0
321584994,1096075369,D,252764541,888652,16824.0
321584994,1096075369,BD,1534459,413,-1.0
3679368398,1195412536,D,243405000,883155,17072.0
3679368398,1195412536,BD,872541,105,-1.0
2224879751,523191467,D,163242042,601947,8603.0
2224879751,523191467,BD,1819291,507,-1.0
321642125,490369806,D,83755209,293244,7462.0
321642125,490369806,BD,1297917,284,-1.0
1568223342,311607329,D,204645166,697699,8938.0
1568223342,311607329,BD,771416,88,-1.0
35502372,1571928226,D,276921292,944172,18822.0
35502372,1571928226,BD,588583,41,-1.0
2298023410,2481018499,D,168525833,654660,9667.0
2298023410,2481018499,BD,666708,65,-1.0
872697586,279387020,D,281638834,1136226,20731.0
872697586,279387020,BD,1138042,230,-1.0
1148776913,303794342,D,146099666,522252,10174.0
1148776913,303794342,BD,2476917,949,-1.0
1483749243,344580036,D,42865708,134314,3434.0
1483749243,344580036,BD,1355917,299,-1.0
201409948,1841938018,D,299607333,1114156,15878.0
201409948,1841938018,BD,1524250,399,-1.0
5126066620,3051999507,D,80466334,276162,6454.0
5126066620,3051999507,BD,890958,111,-1.0
2249899102,271844684,D,92904000,328495,6222.0
2249899102,271844684,BD,1770625,510,-1.0
4582917959,1770308739,D,24344875,55514,1567.0
4582917959,1770308739,BD,681083,78,-1.0
26026126,2876766372,D,167174250,597973,12643.0
26026126,2876766372,BD,1411375,357,-1.0
4218225762,308665821,D,137187208,487315,6032.0
4218225762,308665821,BD,1659667,438,-1.0
3155121709,2072986362,D,261122750,931272,13192.0
3155121709,2072986362,BD,1250125,253,-1.0
3509639564,446252027,D,67669667,210818,3743.0
3509639564,446252027,BD,2035625,600,-1.0
3185015190,597317063,D,158462083,584205,9748.0
3185015190,597317063,BD,1302666,283,-1.0
4927475589,1262423229,D,19618250,46166,1993.0
4927475589,1262423229,BD,1004209,155,-1.0
5279725276,4095096448,D,288618500,1002735,16877.0
5279725276,4095096448,BD,518208,25,-1.0
3678003436,3188259225,D,290598042,1163821,21039.0
3678003436,3188259225,BD,846000,101,-1.0
1256489586,1601330425,D,151568458,536024,7048.0
1256489586,1601330425,BD,1606875,459,-1.0
1157373346,286546210,D,202657625,796370,12075.0
1157373346,286546210,BD,1141250,215,-1.0
1301795407,3372013128,D,50863333,145300,3687.0
1301795407,3372013128,BD,2187583,694,-1.0
1151600213,3675487075,D,120151375,400635,4990.0
1151600213,3675487075,BD,1239584,256,-1.0
2332354456,1706409197,D,36681958,115130,2410.0
2332354456,1706409197,BD,647208,52,-1.0
69085730,4339308483,D,253697291,898173,9908.0
69085730,4339308483,BD,1833333,557,-1.0
1609396559,654106972,D,195203917,734860,7541.0
1609396559,654106972,BD,966875,126,-1.0
4186939984,1077501830,D,88938667,319553,4315.0
4186939984,1077501830,BD,672708,59,-1.0
1994249669,1206402764,D,167346375,638830,11975.0
1994249669,1206402764,BD,1296542,188,-1.0
1757509279,1304203769,D,173445000,639917,7721.0
1757509279,1304203769,BD,1602208,438,-1.0
1294321615,20697448,D,32581625,98876,4554.0
1294321615,20697448,BD,1004958,140,-1.0
4844902498,762105452,D,170926666,673355,10514.0
4844902498,762105452,BD,1310417,294,-1.0
284793543,1144141937,D,203454792,753683,8098.0
284793543,1144141937,BD,540125,33,-1.0
2591996466,4197394285,D,78756750,258180,3728.0
2591996466,4197394285,BD,603875,49,-1.0
1142225688,3901171485,D,35429500,106174,4729.0
1142225688,3901171485,BD,1109584,185,-1.0
4232999897,3327716546,D,48952166,156697,3879.0
4232999897,3327716546,BD,468000,20,-1.0
27535271,290652230,D,205664291,808308,10058.0
27535271,290652230,BD,1775209,507,-1.0
1412616972,1102162073,D,165921917,639267,7268.0
1412616972,1102162073,BD,655291,56,-1.0
2569498121,1149417338,D,86883209,202213,2657.0
2569498121,1149417338,BD,1337416,296,-1.0
1534554598,2228164703,D,256630041,909633,11471.0
1534554598,2228164703,BD,1663458,383,-1.0
3837063433,5070098221,D,50239541,161165,4414.0
3837063433,5070098221,BD,832416,81,-1.0
1794362761,2995504676,D,235103167,814060,13858.0
1794362761,2995504676,BD,1629791,435,-1.0
1659223865,1940147012,D,290714542,1102540,16669.0
1659223865,1940147012,BD,1447416,364,-1.0
3414135281,1268142991,D,80292708,268456,5446.0
3414135281,1268142991,BD,1231959,261,-1.0
1539385250,1177482905,D,203201917,688279,7364.0
1539385250,1177482905,BD,785000,89,-1.0
1120258313,343482460,D,174083417,672313,11517.0
1120258313,343482460,BD,866417,138,-1.0
792653829,1581200556,D,75875625,248548,3629.0
792653829,1581200556,BD,570333,38,-1.0
339473334,5228049576,D,245389500,884517,13593.0
339473334,5228049576,BD,974750,146,-1.0
685775769,768890716,D,291753875,1105723,18370.0
685775769,768890716,BD,565625,37,-1.0
1091908051,4115161732,D,187462084,704375,8273.0
1091908051,4115161732,BD,1444167,335,-1.0
1296128066,4933894161,D,79494167,272936,7387.0
1296128066,4933894161,BD,580583,41,-1.0
1325278333,301651240,D,245529792,833572,9021.0
1325278333,301651240,BD,755333,79,-1.0
823327180,1425553029,D,157347125,550977,11809.0
823327180,1425553029,BD,816500,96,-1.0
1113375726,2064648906,D,252181208,872119,10688.0
1113375726,2064648906,BD,732792,80,-1.0
618598335,1490850419,D,88730333,306974,4685.0
618598335,1490850419,BD,1400125,348,-1.0
26656337,5182294252,D,21961792,47206,2178.0
26656337,5182294252,BD,512958,24,-1.0
369395509,1280639334,D,158759542,613943,11260.0
369395509,1280639334,BD,1058500,194,-1.0
248448385,256168168,D,307263292,1128560,12431.0
248448385,256168168,BD,901416,83,-1.0
1398817691,367074313,D,208721042,777456,9175.0
1398817691,367074313,BD,651167,56,-1.0
4233387251,305028694,D,3803042,5309,654.0
4233387251,305028694,BD,644375,55,-1.0
25850304,1337585289,D,49858166,162681,2969.0
25850304,1337585289,BD,1415417,314,-1.0
3758826722,3949843291,D,95712167,364578,9781.0
3758826722,3949843291,BD,726417,71,-1.0
3253923051,1763595152,D,268265583,1024315,16859.0
3253923051,1763595152,BD,1019500,214,-1.0
673980403,252628483,D,302339875,1107692,17442.0
673980403,252628483,BD,1078333,197,-1.0
1181084785,3923027264,D,132041417,418898,5505.0
1181084785,3923027264,BD,1875709,581,-1.0
321477045,267839560,D,259972584,908147,10849.0
321477045,267839560,BD,1156708,232,-1.0
2513069624,4262488651,D,138570917,487615,6190.0
2513069624,4262488651,BD,662917,54,-1.0
278225859,255382038,D,288357291,1136150,20527.0
278225859,255382038,BD,809417,99,-1.0
444607342,439171911,D,94825458,333019,6257.0
444607342,439171911,BD,522792,35,-1.0
1509253685,283316386,D,104308042,385286,5085.0
1509253685,283316386,BD,1436292,362,-1.0
1166359377,334244235,D,247167583,910296,18288.0
1166359377,334244235,BD,2584833,1043,-1.0
2772554438,1106765908,D,31800292,97088,3600.0
2772554438,1106765908,BD,1095459,198,-1.0
4927550229,2343073394,D,258512750,952665,13192.0
4927550229,2343073394,BD,1493500,306,-1.0
3366694538,3264945300,D,133162917,475303,11707.0
3366694538,3264945300,BD,1326375,289,-1.0
1431045698,3062588675,D,150987458,571921,6511.0
1431045698,3062588675,BD,1133583,211,-1.0
1528775050,262537152,D,310056042,1171375,19982.0
1528775050,262537152,BD,1731000,515,-1.0
299617297,1025348845,D,123581166,435037,6875.0
299617297,1025348845,BD,1307708,288,-1.0
1066061857,1234226337,D,285237417,1065528,11572.0
1066061857,1234226337,BD,917792,112,-1.0
281235830,458263366,D,230713792,504398,7849.0
281235830,458263366,BD,567834,45,-1.0
1141260537,571427322,D,197658375,742626,13002.0
1141260537,571427322,BD,2040958,469,-1.0
278784428,456941320,D,249998375,817977,9035.0
278784428,456941320,BD,1589375,417,-1.0
628678,2614944182,D,107586833,346059,4186.0
628678,2614944182,BD,1472750,357,-1.0
3366686723,3763506617,D,190792458,645207,14100.0
3366686723,3763506617,BD,880959,120,-1.0
1392604838,97755609,D,211248500,675746,7299.0
1392604838,97755609,BD,561041,24,-1.0
1122210098,1365729047,D,241091459,782776,9835.0
1122210098,1365729047,BD,1589750,163,-1.0
1322905230,3421048242,D,293807000,972473,15884.0
1322905230,3421048242,BD,662000,59,-1.0
276219035,1125359842,D,221168000,765305,10455.0
276219035,1125359842,BD,1417500,307,-1.0
1234026812,861288285,D,129658292,433684,5907.0
1234026812,861288285,BD,1011542,156,-1.0
2991236415,321730284,D,228200834,719231,9498.0
2991236415,321730284,BD,1343958,219,-1.0
1105536797,437139818,D,107780167,365606,8641.0
1105536797,437139818,BD,1236709,229,-1.0
1239556526,417798370,D,92476792,284352,7143.0
1239556526,417798370,BD,1234459,222,-1.0
276274202,262228237,D,41141500,113109,4838.0
276274202,262228237,BD,720166,68,-1.0
504925572,1546455991,D,132582292,444891,8600.0
504925572,1546455991,BD,552875,35,-1.0
1369169680,3234052308,D,220173083,805603,13552.0
1369169680,3234052308,BD,1072750,171,-1.0
360731459,3751946738,D,280319333,939848,16233.0
360731459,3751946738,BD,1920334,593,-1.0
1510029522,2520804669,D,296706416,995875,16042.0
1510029522,2520804669,BD,1844208,382,-1.0
1272485201,4496484397,D,283572083,904808,14113.0
1272485201,4496484397,BD,626791,36,-1.0
5323796241,4326906731,D,222434375,783848,11787.0
5323796241,4326906731,BD,782833,96,-1.0
3216498698,280814907,D,30640916,86738,3129.0
3216498698,280814907,BD,975208,129,-1.0
189083164,3129763803,D,334520167,1170798,18067.0
189083164,3129763803,BD,890833,124,-1.0
1601390053,1175016624,D,299370666,967261,13282.0
1601390053,1175016624,BD,884417,118,-1.0
35675268,289549223,D,331705917,1136228,22304.0
35675268,289549223,BD,1121792,216,-1.0
1117133222,30789848,D,227408791,782539,11442.0
1117133222,30789848,BD,1135458,206,-1.0
1261310889,190717132,D,44447958,125835,3311.0
1261310889,190717132,BD,852375,93,-1.0
583233935,3773883083,D,35676792,100305,2080.0
583233935,3773883083,BD,1223750,252,-1.0
4882830816,3261675874,D,104629000,342378,5864.0
4882830816,3261675874,BD,778583,91,-1.0
1298758799,639307008,D,74976416,227936,5772.0
1298758799,639307008,BD,851791,87,-1.0
3190170984,4261313420,D,22876125,53433,3548.0
3190170984,4261313420,BD,601667,50,-1.0
289547122,3764975190,D,286030542,911356,18007.0
289547122,3764975190,BD,1412084,289,-1.0
1859699895,2612798729,D,77318625,235002,6789.0
1859699895,2612798729,BD,768500,83,-1.0
1688791547,1597280342,D,214358584,739449,14480.0
1688791547,1597280342,BD,1048542,165,-1.0
308294143,477274290,D,304673708,988261,12707.0
308294143,477274290,BD,2140917,579,-1.0
1651321227,2655529254,D,42887041,122261,3529.0
1651321227,2655529254,BD,2247000,602,-1.0
4372527840,1367096604,D,163872792,539031,7257.0
4372527840,1367096604,BD,1121584,210,-1.0
2512162018,123892730,D,82804417,237362,3819.0
2512162018,123892730,BD,3206333,164,-1.0
3436547581,287330146,D,363827125,1111893,17575.0
3436547581,287330146,BD,1361584,302,-1.0
1578764324,1180510075,D,215466792,722667,7990.0
1578764324,1180510075,BD,1238292,201,-1.0
1604088134,322905006,D,176777917,602347,6401.0
1604088134,322905006,BD,661208,48,-1.0
2566486453,4788404810,D,147377709,443918,5524.0
2566486453,4788404810,BD,1195542,186,-1.0
125392,5405855464,D,156726167,546283,13799.0
125392,5405855464,BD,669792,57,-1.0
3579165245,2688021769,D,27211792,69453,2997.0
3579165245,2688021769,BD,535375,23,-1.0
255746434,708950380,D,32163375,89059,2623.0
255746434,708950380,BD,1846875,527,-1.0
4874447723,2070600313,D,59407541,185990,4591.0
4874447723,2070600313,BD,599542,37,-1.0
4444445589,3260799782,D,301307917,1002824,17350.0
4444445589,3260799782,BD,556583,35,-1.0
252646252,957888147,D,59591791,178876,5315.0
252646252,957888147,BD,1527334,406,-1.0
1247324623,384951189,D,129884875,408598,11372.0
1247324623,384951189,BD,1212958,226,-1.0
1364509857,3223293577,D,57438458,172556,3116.0
1364509857,3223293577,BD,2227750,736,-1.0
4125266147,345789433,D,26546667,68015,2491.0
4125266147,345789433,BD,940667,134,-1.0
69191566,1139616371,D,324510500,1108669,12318.0
69191566,1139616371,BD,1079458,190,-1.0
466220366,1567677866,D,105660000,327225,4806.0
466220366,1567677866,BD,1471209,284,-1.0
26614081,2611417339,D,167972625,546312,8483.0
26614081,2611417339,BD,1158834,218,-1.0
290677911,1105394111,D,332833708,1068151,12799.0
290677911,1105394111,BD,1611750,419,-1.0
321350004,3568355199,D,274899417,937627,17910.0
321350004,3568355199,BD,1909166,433,-1.0
332491882,449376464,D,26981833,69863,2379.0
332491882,449376464,BD,604541,43,-1.0
4443384571,1396113983,D,279243208,893280,14075.0
4443384571,1396113983,BD,2632416,894,-1.0
4684149650,1277218331,D,198270041,710434,15299.0
4684149650,1277218331,BD,804042,100,-1.0
2747711760,4066797232,D,229982792,798621,14319.0
2747711760,4066797232,BD,1161750,246,-1.0
3809479651,1151214244,D,14126833,28589,1849.0
3809479651,1151214244,BD,863792,115,-1.0
3470123745,425902488,D,273497958,892533,13051.0
3470123745,425902488,BD,1303125,229,-1.0
2372830073,754038296,D,257616292,815684,13841.0
2372830073,754038296,BD,626875,46,-1.0
4669700854,404296021,D,177178583,613683,7912.0
4669700854,404296021,BD,1576625,384,-1.0
273522824,1294263327,D,295629708,1018555,17476.0
273522824,1294263327,BD,1599708,418,-1.0
2725084275,1754665152,D,327515084,1046615,14571.0
2725084275,1754665152,BD,525792,35,-1.0
4638156104,1248727513,D,200276458,631686,8728.0
4638156104,1248727513,BD,996292,147,-1.0
628518,1324043178,D,109705875,367847,6132.0
628518,1324043178,BD,855000,100,-1.0
1445466893,4207885772,D,101013334,323434,4686.0
1445466893,4207885772,BD,713250,71,-1.0
436091846,3306705709,D,147543666,419333,4901.0
436091846,3306705709,BD,646917,58,-1.0
5290327127,4120343971,D,174894083,571221,8764.0
5290327127,4120343971,BD,1039458,131,-1.0
1814261251,1684471183,D,311429208,1072782,16602.0
1814261251,1684471183,BD,824166,91,-1.0
2318000095,3444930917,D,323973166,1073709,14570.0
2318000095,3444930917,BD,1341916,261,-1.0
1600079231,727562024,D,143354459,418322,5737.0
1600079231,727562024,BD,849917,109,-1.0
1137861951,2366972224,D,281984083,828740,12231.0
1137861951,2366972224,BD,1632875,478,-1.0
1125704309,2647280659,D,84683625,263997,4970.0
1125704309,2647280659,BD,1793917,404,-1.0
244466748,1585644166,D,308055583,1079263,19507.0
244466748,1585644166,BD,1372667,319,-1.0
3827108513,2349345659,D,94318417,288158,6485.0
3827108513,2349345659,BD,1608875,373,-1.0
2391342999,444757604,D,105782666,357974,4978.0
2391342999,444757604,BD,1749459,367,-1.0
4369796729,124371846,D,161339000,528011,6555.0
4369796729,124371846,BD,2455333,724,-1.0
367047815,4519617444,D,309852958,1038629,14191.0
367047815,4519617444,BD,587833,28,-1.0
1679889464,301606784,D,291826500,983578,17996.0
1679889464,301606784,BD,1011750,137,-1.0
3252793588,300710728,D,117864125,403249,9464.0
3252793588,300710728,BD,1855000,474,-1.0
4952059093,3471050736,D,92662000,285055,4434.0
4952059093,3471050736,BD,1022208,139,-1.0
27132285,422660225,D,165380041,527088,12309.0
27132285,422660225,BD,1317792,309,-1.0
2636043343,450331317,D,274247417,850295,10734.0
2636043343,450331317,BD,893667,78,-1.0
278761548,3759654839,D,218482750,738459,9080.0
278761548,3759654839,BD,636625,56,-1.0
1235338125,1736096726,D,164346083,577948,12625.0
1235338125,1736096726,BD,1006625,156,-1.0
2489192523,280718951,D,206905750,726411,8786.0
2489192523,280718951,BD,714583,67,-1.0
1636948365,5160323193,D,40243166,120144,2638.0
1636948365,5160323193,BD,1000625,151,-1.0
2338976338,1583042473,D,169431333,601422,13453.0
2338976338,1583042473,BD,1279083,267,-1.0
4194628765,5355004242,D,283875083,964535,15087.0
4194628765,5355004242,BD,1586542,311,-1.0
118421266,271333829,D,169052208,621188,7161.0
118421266,271333829,BD,1618250,374,-1.0
1127156993,1359983795,D,159188667,485369,7816.0
1127156993,1359983795,BD,1068041,140,-1.0
1113375800,288884136,D,204252959,692336,7354.0
1113375800,288884136,BD,954708,129,-1.0
3159743153,297314429,D,148118750,501840,10359.0
3159743153,297314429,BD,1100458,195,-1.0
301648098,3273043879,D,90117959,305856,6926.0
301648098,3273043879,BD,1039000,148,-1.0
506383009,1458085366,D,280769000,840035,10470.0
506383009,1458085366,BD,547666,34,-1.0
70382288,249463294,D,172574500,556071,9175.0
70382288,249463294,BD,1005917,155,-1.0
1607236563,257675798,D,35146458,102616,2378.0
1607236563,257675798,BD,1201209,266,-1.0
1407491023,2054834920,D,118407125,401564,6996.0
1407491023,2054834920,BD,1878458,556,-1.0
2294517622,3104253524,D,70247208,234158,5589.0
2294517622,3104253524,BD,1197500,254,-1.0
428276402,1151769098,D,39469458,118385,2695.0
428276402,1151769098,BD,972375,148,-1.0
5076210109,2661403171,D,107124333,396791,7535.0
5076210109,2661403171,BD,530750,33,-1.0
623620865,534461917,D,179082791,678807,12822.0
623620865,534461917,BD,602333,49,-1.0
582753342,280394982,D,353947792,1117957,17086.0
582753342,280394982,BD,1150083,217,-1.0
2359406691,1142989177,D,78511166,244037,4538.0
2359406691,1142989177,BD,1051375,191,-1.0
4428135873,419127258,D,87076250,277299,4338.0
4428135873,419127258,BD,1256792,265,-1.0
1123858992,3561924520,D,107913417,384323,8112.0
1123858992,3561924520,BD,1626250,463,-1.0
1185709240,3507184442,D,60965041,188468,3805.0
1185709240,3507184442,BD,688208,70,-1.0
1190873090,16965532,D,28744334,72906,1159.0
1190873090,16965532,BD,647333,58,-1.0
3681025007,1361971404,D,285334125,981755,12810.0
3681025007,1361971404,BD,909000,120,-1.0
461987792,277972013,D,295457542,1132460,18303.0
461987792,277972013,BD,1311500,297,-1.0
3257551794,1819353338,D,187652250,684884,8530.0
3257551794,1819353338,BD,1110625,191,-1.0
1455905931,2989770503,D,99289250,359750,8675.0
1455905931,2989770503,BD,2095375,719,-1.0
1173150339,3470915575,D,159679791,613189,10511.0
1173150339,3470915575,BD,1515875,355,-1.0
1489171722,881415502,D,73389375,239757,5666.0
1489171722,881415502,BD,1071666,161,-1.0
2382123789,4086058210,D,270194208,1019025,12842.0
2382123789,4086058210,BD,620000,52,-1.0
310503670,1135375567,D,235715166,836257,16990.0
310503670,1135375567,BD,1214791,250,-1.0
2349911301,2058553720,D,230567084,839816,12420.0
2349911301,2058553720,BD,849375,109,-1.0
1422554066,1416601328,D,194241125,728552,8606.0
1422554066,1416601328,BD,1233583,254,-1.0
31229303,2476577522,D,94313209,355385,12058.0
31229303,2476577522,BD,2093458,634,-1.0
1281871882,10585472,D,25813167,69649,5040.0
1281871882,10585472,BD,1194125,247,-1.0
251738337,4404981563,D,45731333,147639,4799.0
251738337,4404981563,BD,1015333,155,-1.0
1352828534,1119749478,D,144002583,478789,6007.0
1352828534,1119749478,BD,1166458,238,-1.0
1945935209,1097904163,D,238036250,853945,16302.0
1945935209,1097904163,BD,821541,96,-1.0
746859190,1175487400,D,286112458,1042955,14417.0
746859190,1175487400,BD,1252875,277,-1.0
406516806,294840303,D,137971500,504080,12862.0
406516806,294840303,BD,1329417,251,-1.0
176803254,1556124336,D,136924584,492914,7854.0
176803254,1556124336,BD,1094959,162,-1.0
3255454572,100228598,D,314081875,1174773,15988.0
3255454572,100228598,BD,1206250,245,-1.0
2144313453,386589122,D,40159083,118095,3249.0
2144313453,386589122,BD,1082583,188,-1.0
288754127,1415538679,D,285639167,1009118,18789.0
288754127,1415538679,BD,1185500,234,-1.0
1618816093,2747848561,D,99577375,354618,6922.0
1618816093,2747848561,BD,810167,95,-1.0
588036436,898746688,D,70085375,231700,3107.0
588036436,898746688,BD,1227791,233,-1.0
388560818,5312652103,D,47797083,143491,2851.0
388560818,5312652103,BD,833875,106,-1.0
2179881359,5067630127,D,299471667,1084951,13716.0
2179881359,5067630127,BD,618500,49,-1.0
4512751278,1273584645,D,306377125,1170880,18341.0
4512751278,1273584645,BD,1030667,181,-1.0
494610156,1200824206,D,29699625,82884,2340.0
494610156,1200824206,BD,1347416,296,-1.0
4045655960,1415568997,D,276544333,1069715,13876.0
4045655960,1415568997,BD,1106041,157,-1.0
1738604180,321905783,D,191673708,638006,9559.0
1738604180,321905783,BD,1160417,215,-1.0
3739700652,278805506,D,267107000,1060994,19404.0
3739700652,278805506,BD,1078000,179,-1.0
415897604,1106661721,D,208447750,791787,8810.0
415897604,1106661721,BD,1516500,401,-1.0
2488791418,2179466029,D,116207708,378926,5770.0
2488791418,2179466029,BD,2037875,622,-1.0
288866481,2465848514,D,18921167,42671,1378.0
288866481,2465848514,BD,1101292,132,-1.0
26655844,1233968276,D,190535916,784214,15576.0
26655844,1233968276,BD,813125,101,-1.0
5243272420,356660355,D,140552167,509095,7960.0
5243272420,356660355,BD,790792,79,-1.0
3435618052,2218328499,D,133311958,464653,5871.0
3435618052,2218328499,BD,1074250,198,-1.0
1224665046,2348276391,D,274713667,830996,10151.0
1224665046,2348276391,BD,2181292,709,-1.0
2265516947,311820040,D,157358416,585851,10804.0
2265516947,311820040,BD,1349166,316,-1.0
1126266933,3792326722,D,294491958,1174451,21435.0
1126266933,3792326722,BD,812875,99,-1.0
34016728,1633207695,D,313462834,1134217,19303.0
34016728,1633207695,BD,935625,141,-1.0
1101603275,265786754,D,251063125,827952,13475.0
1101603275,265786754,BD,510375,21,-1.0
3667525829,1490071291,D,183341042,650341,10264.0
3667525829,1490071291,BD,575042,42,-1.0
2612425527,330116456,D,98385959,348621,6069.0
2612425527,330116456,BD,933250,133,-1.0
413477699,248158044,D,235490750,847141,14249.0
413477699,248158044,BD,1188375,229,-1.0
125526229,1510710706,D,265482250,977886,17061.0
125526229,1510710706,BD,1337542,302,-1.0
4291725012,324284178,D,269841875,984245,11891.0
4291725012,324284178,BD,830000,110,-1.0
294859005,1127157083,D,124008333,421503,4813.0
294859005,1127157083,BD,1057500,244,-1.0
5266861832,401243975,D,191251500,675148,8783.0
5266861832,401243975,BD,1123666,210,-1.0
2401585831,3413221370,D,163675000,525196,6755.0
2401585831,3413221370,BD,1309875,299,-1.0
2255948765,5329721979,D,16568542,36481,2610.0
2255948765,5329721979,BD,1617417,403,-1.0
2854446963,450563930,D,105751125,405254,8452.0
2854446963,450563930,BD,501334,27,-1.0
2724962573,299506938,D,68435916,219020,6625.0
2724962573,299506938,BD,685625,68,-1.0
4203043444,2612070867,D,102525292,369732,6354.0
4203043444,2612070867,BD,848458,111,-1.0
1304625314,97805938,D,147582833,569123,11854.0
1304625314,97805938,BD,1298583,278,-1.0
2249898977,1094025854,D,275016416,979328,10419.0
2249898977,1094025854,BD,1212541,249,-1.0
3269711180,3283195386,D,102866000,356280,3843.0
3269711180,3283195386,BD,978083,142,-1.0
1129997225,2079153024,D,287448917,1075203,17994.0
1129997225,2079153024,BD,2344417,818,-1.0
299654825,2207329401,D,285060417,1053676,12916.0
299654825,2207329401,BD,891917,108,-1.0
2055932943,263439292,D,14588917,30724,1583.0
2055932943,263439292,BD,1873875,557,-1.0
2493485246,1290860397,D,98249792,320889,4657.0
2493485246,1290860397,BD,956667,141,-1.0
745834744,349151056,D,285789416,772506,10143.0
745834744,349151056,BD,789500,72,-1.0
3431796344,289731850,D,281083042,826448,10019.0
3431796344,289731850,BD,856375,46,-1.0
1077358182,30945103,D,16521125,35309,2894.0
1077358182,30945103,BD,844709,119,-1.0
252188433,1688939696,D,257157708,1022676,18451.0
252188433,1688939696,BD,2163583,796,-1.0
1150685674,366687560,D,279183209,1084765,21930.0
1150685674,366687560,BD,1710042,504,-1.0
998427784,271749030,D,114936750,432466,11329.0
998427784,271749030,BD,2828291,1175,-1.0
1022931215,1091205413,D,291672958,1074479,11343.0
1022931215,1091205413,BD,1164625,206,-1.0
1125181115,1636948297,D,29089875,83310,2243.0
1125181115,1636948297,BD,1410666,357,-1.0
432459554,636065,D,250303084,953951,13139.0
432459554,636065,BD,687125,71,-1.0
1297560675,426555055,D,139204667,537934,10466.0
1297560675,426555055,BD,1749833,521,-1.0
378316676,5330126191,D,151820000,566455,11719.0
378316676,5330126191,BD,809459,80,-1.0
1175601022,580005811,D,145948917,537732,8113.0
1175601022,580005811,BD,1444833,348,-1.0
313844332,35518317,D,295748209,1173744,22877.0
313844332,35518317,BD,2090042,688,-1.0
387521489,27039560,D,41979500,130373,2113.0
387521489,27039560,BD,782125,95,-1.0
2052768885,1137276864,D,306819792,1131421,18343.0
2052768885,1137276864,BD,1431583,363,-1.0
1605581876,27159780,D,304085625,1031223,17671.0
1605581876,27159780,BD,1198917,261,-1.0
576956321,1238992812,D,26388500,74728,2070.0
576956321,1238992812,BD,1008375,172,-1.0
253668838,369787670,D,157281959,592120,6549.0
253668838,369787670,BD,660583,61,-1.0
2904679200,4952863701,D,265897916,941586,14089.0
2904679200,4952863701,BD,1165667,241,-1.0
321404449,265918537,D,124170000,432935,6993.0
321404449,265918537,BD,1738334,504,-1.0
3903785918,3328264077,D,163035958,616202,9885.0
3903785918,3328264077,BD,1491209,388,-1.0
2072598727,4777035124,D,92976709,332850,5801.0
2072598727,4777035124,BD,1429625,386,-1.0
312380435,3391418021,D,60725625,202555,4184.0
312380435,3391418021,BD,1644167,472,-1.0
4543582597,1101956311,D,291712084,1130955,16212.0
4543582597,1101956311,BD,656750,58,-1.0
243482592,4922857537,D,141857625,501706,10384.0
243482592,4922857537,BD,1523875,356,-1.0
1484657139,3476631579,D,164781417,649652,11289.0
1484657139,3476631579,BD,1377625,306,-1.0
84874947,263689462,D,191485125,689979,10623.0
84874947,263689462,BD,678333,73,-1.0
3955797449,2515578227,D,151384875,600677,14684.0
3955797449,2515578227,BD,1753041,515,-1.0
3008435591,311599870,D,230459958,823611,9084.0
3008435591,311599870,BD,1225875,277,-1.0
4223888639,3271190164,D,47973750,156385,3912.0
4223888639,3271190164,BD,988416,152,-1.0
277788793,280950531,D,115250000,421864,9715.0
277788793,280950531,BD,813500,95,-1.0
1600875929,435113752,D,302152416,1172098,14690.0
1600875929,435113752,BD,1137334,210,-1.0
268226473,367041228,D,1939708,1877,1009.0
268226473,367041228,BD,1563250,423,1009.0
1285515661,1609821212,D,27732583,80007,3532.0
1285515661,1609821212,BD,1143709,227,-1.0
2348053528,5061167011,D,119844417,434293,6989.0
2348053528,5061167011,BD,760250,86,-1.0
1414903307,3413812431,D,190274958,723082,11915.0
1414903307,3413812431,BD,1236792,229,-1.0
4576095718,3099105241,D,79659459,277467,5373.0
4576095718,3099105241,BD,1014208,154,-1.0
299615519,321590688,D,199743417,801615,10707.0
299615519,321590688,BD,2060250,642,-1.0
1088283885,3096805846,D,204813333,788812,9953.0
1088283885,3096805846,BD,1669416,469,-1.0
3379643259,1116320586,D,285449542,1154670,19590.0
3379643259,1116320586,BD,1957833,594,-1.0
2699490693,1738652351,D,78171709,276680,3951.0
2699490693,1738652351,BD,1023292,173,-1.0
3411462539,2498179472,D,123738917,435123,5711.0
3411462539,2498179472,BD,2035209,592,-1.0
2762287222,292365004,D,245408625,905076,12328.0
2762287222,292365004,BD,1722792,438,-1.0
1573784264,3016140555,D,102051750,391314,6260.0
1573784264,3016140555,BD,971083,123,-1.0
1573766271,1188172163,D,145493000,516242,5454.0
1573766271,1188172163,BD,1037500,165,-1.0
2291207613,445758491,D,92499792,360675,8743.0
2291207613,445758491,BD,597500,39,-1.0
3882101828,269709895,D,160028000,621213,11117.0
3882101828,269709895,BD,739500,82,-1.0
289511046,283673868,D,268214750,1070320,19732.0
289511046,283673868,BD,854958,109,-1.0
290678045,3125484310,D,53662666,192717,5789.0
290678045,3125484310,BD,1154416,227,-1.0
294152270,2278043415,D,152455667,561569,6695.0
294152270,2278043415,BD,784708,91,-1.0
380414526,262368172,D,275776958,1079754,11819.0
380414526,262368172,BD,699792,71,-1.0
1649448081,349156333,D,174790125,692872,10499.0
1649448081,349156333,BD,487541,22,-1.0
2648962306,1973730887,D,284090209,1084103,13469.0
2648962306,1973730887,BD,776791,101,-1.0
2957164888,252631573,D,141221208,579903,14081.0
2957164888,252631573,BD,1162625,241,-1.0
1361964953,1573735606,D,24626125,61427,3665.0
1361964953,1573735606,BD,978750,149,-1.0
1937614945,306245531,D,116086083,422099,10473.0
1937614945,306245531,BD,581667,42,-1.0
4620362525,1080531921,D,316163125,1118049,13486.0
4620362525,1080531921,BD,553459,37,-1.0
450955380,4061648812,D,237249625,870250,13441.0
450955380,4061648812,BD,1860917,558,-1.0
1105173102,311660144,D,96878167,341687,5192.0
1105173102,311660144,BD,1168042,235,-1.0
1907344984,2212816404,D,269759167,939490,12685.0
1907344984,2212816404,BD,508833,21,-1.0
321748495,1299838558,D,7816916,14566,804.0
321748495,1299838558,BD,972833,152,-1.0
1107590742,3065721892,D,195976375,773680,8525.0
1107590742,3065721892,BD,1564167,404,-1.0
47021145,1250499459,D,262685375,968470,16104.0
47021145,1250499459,BD,809542,90,-1.0
70382353,624464457,D,159481958,629586,10567.0
70382353,624464457,BD,979542,158,-1.0
1276841313,1556278361,D,182635500,700165,11935.0
1276841313,1556278361,BD,795542,100,-1.0
1754056687,1925828809,D,295897500,1130642,16581.0
1754056687,1925828809,BD,767500,96,-1.0
7493318,639306144,D,134326542,515565,12544.0
7493318,639306144,BD,1330583,313,-1.0
419731100,2513070110,D,239688291,852401,8972.0
419731100,2513070110,BD,507041,23,-1.0
273363213,417355141,D,127934584,438461,6560.0
273363213,417355141,BD,1362084,317,-1.0
77972763,289739133,D,24216750,65005,1813.0
77972763,289739133,BD,669666,59,-1.0
5060310756,1088505292,D,224942417,849158,14230.0
5060310756,1088505292,BD,1004417,155,-1.0
2305565926,2873950589,D,291821208,1123725,17380.0
2305565926,2873950589,BD,1506500,362,-1.0
3413221378,1767755177,D,3636459,5594,694.0
3413221378,1767755177,BD,1044209,183,-1.0
459781260,2241551910,D,145947875,495713,7087.0
459781260,2241551910,BD,1131041,215,-1.0
1569970557,1607236627,D,114873541,379519,4929.0
1569970557,1607236627,BD,559666,32,-1.0
283221336,253786310,D,296428083,1054850,14919.0
283221336,253786310,BD,1481709,349,-1.0
452638390,459781263,D,146951000,518215,7915.0
452638390,459781263,BD,1306500,297,-1.0
252088081,281382137,D,253270916,931185,12584.0
252088081,281382137,BD,675542,55,-1.0
1272357287,3268034101,D,80017958,230536,5651.0
1272357287,3268034101,BD,2616417,653,-1.0
2984170692,4141680309,D,48216791,152280,3359.0
2984170692,4141680309,BD,2065167,524,-1.0
3261274489,2711310128,D,288055000,1061845,18368.0
3261274489,2711310128,BD,1296541,272,-1.0
1276754790,1089225505,D,214152542,809601,12378.0
1276754790,1089225505,BD,828458,104,-1.0
4773314319,321437627,D,183951125,701443,7069.0
4773314319,321437627,BD,1228875,273,-1.0
1814613286,3090620541,D,230434500,844877,14272.0
1814613286,3090620541,BD,2056625,568,-1.0
316479035,1326930059,D,250022833,940237,18429.0
316479035,1326930059,BD,1601250,433,-1.0
4173272409,4959712627,D,285731166,1069965,11618.0
4173272409,4959712627,BD,1997500,642,-1.0
1550181839,248188383,D,127861500,459021,10029.0
1550181839,248188383,BD,1380333,321,-1.0
1100353170,2472182789,D,106765584,385715,4992.0
1100353170,2472182789,BD,1410291,357,-1.0
256262182,8783322,D,278140250,1002804,11221.0
256262182,8783322,BD,1208292,311,-1.0
984425230,1481534872,D,275206667,1044542,14880.0
984425230,1481534872,BD,1678833,421,-1.0
1068762621,410257203,D,178661292,685571,6897.0
1068762621,410257203,BD,1044291,187,-1.0
1192446377,1375689752,D,103224209,388891,4936.0
1192446377,1375689752,BD,1988792,553,-1.0
1634194263,340351888,D,166322458,656370,12777.0
1634194263,340351888,BD,2098625,694,-1.0
8783927,4419315206,D,87984417,304356,4267.0
8783927,4419315206,BD,596042,43,-1.0
3104131827,588694294,D,125030250,433620,6579.0
3104131827,588694294,BD,1513334,313,-1.0
373382822,2342163389,D,286017292,901880,14816.0
373382822,2342163389,BD,1211166,263,-1.0
5122921100,1119749338,D,81363459,217472,4623.0
5122921100,1119749338,BD,998708,140,-1.0
4492388771,1984698133,D,274715750,1086268,16114.0
4492388771,1984698133,BD,1472125,275,-1.0
277032384,2485455614,D,39987875,116761,1521.0
277032384,2485455614,BD,1768958,417,-1.0
224491476,3194668232,D,256173709,956866,14264.0
224491476,3194668232,BD,474833,19,-1.0
29972666,3509697045,D,54980000,187551,4159.0
29972666,3509697045,BD,1079292,163,-1.0
279843005,1575319655,D,119023917,433577,7097.0
279843005,1575319655,BD,822166,126,-1.0
3073204331,2569498154,D,252482250,984984,18436.0
3073204331,2569498154,BD,650292,62,-1.0
2817897683,1376209592,D,79976042,275328,6190.0
2817897683,1376209592,BD,1142958,219,-1.0
321905788,2586473937,D,168543458,523040,6944.0
321905788,2586473937,BD,1088291,199,-1.0
30911441,1608966189,D,42814417,133802,2925.0
30911441,1608966189,BD,1353541,311,-1.0
559997671,3523002447,D,42449708,129118,2827.0
559997671,3523002447,BD,590041,44,-1.0
2071260536,287385635,D,164179875,616477,11468.0
2071260536,287385635,BD,868666,110,-1.0
3202119219,308852232,D,28358708,79984,3835.0
3202119219,308852232,BD,791792,98,-1.0
1149417378,3188792766,D,278725041,1130760,19629.0
1149417378,3188792766,BD,515417,26,-1.0
2512162014,4930523671,D,163628500,609693,7340.0
2512162014,4930523671,BD,639458,52,-1.0
280304252,2476507766,D,86685000,284583,6470.0
280304252,2476507766,BD,779666,87,-1.0
1562943495,1749706433,D,121801542,427703,9780.0
1562943495,1749706433,BD,1116458,186,-1.0
1102161097,1688529125,D,324754709,1134663,16244.0
1102161097,1688529125,BD,619167,48,-1.0
525788961,279654698,D,243003125,817352,11818.0
525788961,279654698,BD,1653667,451,-1.0
4716665492,321445673,D,237871583,830453,11351.0
4716665492,321445673,BD,2427000,309,-1.0
5062655936,4706296620,D,184330708,692367,8074.0
5062655936,4706296620,BD,1604458,320,-1.0
820384941,1884387500,D,136097042,509417,11108.0
820384941,1884387500,BD,1439500,371,-1.0
1926705273,432622481,D,269821334,943189,17806.0
1926705273,432622481,BD,701125,73,-1.0
1130992717,305578624,D,80591750,289886,6032.0
1130992717,305578624,BD,755666,89,-1.0
429985289,1194536931,D,262875583,1026778,19288.0
429985289,1194536931,BD,576334,42,-1.0
856574393,569878101,D,13290250,27653,928.0
856574393,569878101,BD,1186625,238,-1.0
446047871,278806534,D,203795791,776510,9578.0
446047871,278806534,BD,1783750,511,-1.0
605035105,4333900970,D,145802459,566982,11164.0
605035105,4333900970,BD,594375,45,-1.0
3654698614,3333749885,D,293848000,1118260,15683.0
3654698614,3333749885,BD,724833,62,-1.0
1603848575,1582185507,D,175427042,708793,14372.0
1603848575,1582185507,BD,905000,139,-1.0
442699092,3241853300,D,84121875,302858,4010.0
442699092,3241853300,BD,1025667,174,-1.0
271243655,3755096840,D,310159875,1165227,14915.0
271243655,3755096840,BD,2558667,1013,-1.0
3261675567,1496677413,D,37307333,114494,2124.0
3261675567,1496677413,BD,728208,77,-1.0
1283213323,257676232,D,159591375,579454,7983.0
1283213323,257676232,BD,1150208,209,-1.0
1941800437,4618865926,D,147653166,525492,6254.0
1941800437,4618865926,BD,832000,139,-1.0
278297578,1563461084,D,214644125,785961,9905.0
278297578,1563461084,BD,1331250,297,-1.0
3576414429,3387776504,D,28498500,87415,2885.0
3576414429,3387776504,BD,651792,57,-1.0
130535643,258413780,D,273693000,969339,13823.0
130535643,258413780,BD,1516250,396,-1.0
2222287500,1357159551,D,159348292,588368,8136.0
2222287500,1357159551,BD,1276125,267,-1.0
279714329,288862597,D,158201875,587623,9358.0
279714329,288862597,BD,1326000,295,-1.0
4613987401,2379982789,D,10340791,20605,1391.0
4613987401,2379982789,BD,596125,42,-1.0
3619148138,199121207,D,200269542,772736,10387.0
3619148138,199121207,BD,1339833,375,-1.0
3351376282,722949505,D,261655000,958284,17258.0
3351376282,722949505,BD,1434875,372,-1.0
1599555446,3898443807,D,4458208,6757,525.0
1599555446,3898443807,BD,1014875,158,-1.0
4508382623,442567434,D,35453042,104637,2948.0
4508382623,442567434,BD,963875,145,-1.0
265277316,3367201916,D,182670542,690853,11029.0
265277316,3367201916,BD,595958,48,-1.0
305994471,1789007575,D,187462666,705831,7689.0
305994471,1789007575,BD,1164417,215,-1.0
282578141,4559291418,D,276396083,1087235,22344.0
282578141,4559291418,BD,916000,132,-1.0
565607965,174041577,D,128992500,445308,4550.0
565607965,174041577,BD,950875,143,-1.0
1165813563,3216498697,D,110906250,400233,5727.0
1165813563,3216498697,BD,1439416,325,-1.0
3236837472,4931049183,D,9868375,19280,1682.0
3236837472,4931049183,BD,487417,21,-1.0
4927554945,467931386,D,140965708,524233,6691.0
4927554945,467931386,BD,486709,25,-1.0
2107892981,2281076935,D,242507125,832345,13464.0
2107892981,2281076935,BD,1031958,186,-1.0
1324250285,2395964905,D,260656833,969171,16672.0
1324250285,2395964905,BD,858209,118,-1.0
2618436843,1734227532,D,124820333,466168,9238.0
2618436843,1734227532,BD,728167,75,-1.0
253654436,1693325106,D,189193166,678606,8568.0
253654436,1693325106,BD,2155958,708,-1.0
268483105,1650331886,D,135264708,438775,7566.0
268483105,1650331886,BD,2934500,1136,-1.0
291891740,2393739998,D,148809958,569226,14259.0
291891740,2393739998,BD,1410375,370,-1.0
1336375529,1179370468,D,252978834,838845,10186.0
1336375529,1179370468,BD,956833,136,-1.0
441682187,1688831445,D,286167166,1103647,20874.0
441682187,1688831445,BD,766917,87,-1.0
281378928,416620526,D,168102250,657323,16198.0
281378928,416620526,BD,1319416,306,-1.0
1895349063,1562872922,D,93296959,342637,6678.0
1895349063,1562872922,BD,982917,162,-1.0
2427694245,372918050,D,133400542,459304,7453.0
2427694245,372918050,BD,1137208,224,-1.0
282951722,1558682740,D,303359875,1147768,13980.0
282951722,1558682740,BD,1477500,393,-1.0
2311359198,1636330680,D,40694750,125369,2255.0
2311359198,1636330680,BD,1216625,240,-1.0
371192578,4955448916,D,163533250,623623,6936.0
371192578,4955448916,BD,827375,93,-1.0
290774757,2968686692,D,28523750,78497,1736.0
290774757,2968686692,BD,814708,107,-1.0
4677251586,2070831095,D,67924709,212826,4920.0
4677251586,2070831095,BD,1305167,288,-1.0
29511704,2078632695,D,55447625,187341,3605.0
29511704,2078632695,BD,641541,55,-1.0
1555891647,624330942,D,57484916,190602,6386.0
1555891647,624330942,BD,747125,81,-1.0
1084240653,1775562409,D,205942875,801499,12165.0
1084240653,1775562409,BD,1555000,394,-1.0
4157728599,774074224,D,84049375,265037,5927.0
4157728599,774074224,BD,1093875,184,-1.0
1108912065,410687519,D,190422792,746698,16064.0
1108912065,410687519,BD,690792,68,-1.0
451765364,279744200,D,155740792,567713,6153.0
451765364,279744200,BD,1200625,225,-1.0
1421332071,302778083,D,75932375,249504,3881.0
1421332071,302778083,BD,862208,96,-1.0
4634213143,5322913384,D,178063417,660821,7200.0
4634213143,5322913384,BD,774375,74,-1.0
4956102488,135409491,D,289034416,1141191,20284.0
4956102488,135409491,BD,842916,104,-1.0
1711799097,384951257,D,117916042,417449,10610.0
1711799097,384951257,BD,976791,137,-1.0
2312072225,450188601,D,266390084,964976,13312.0
2312072225,450188601,BD,700542,71,-1.0
484275522,631973254,D,147468250,571598,9710.0
484275522,631973254,BD,1162417,229,-1.0
501908341,3215536864,D,72447416,237462,8528.0
501908341,3215536864,BD,1199250,261,-1.0
244500090,2650009196,D,157299708,634846,14844.0
244500090,2650009196,BD,648584,49,-1.0
2118398590,1136412857,D,93515875,318066,4890.0
2118398590,1136412857,BD,708500,74,-1.0
3280610681,1344307407,D,144997667,523511,10155.0
3280610681,1344307407,BD,1019541,165,-1.0
3334030751,1126322362,D,304996250,1111960,17891.0
3334030751,1126322362,BD,1218916,348,-1.0
5173771745,1139456124,D,141264750,519336,9866.0
5173771745,1139456124,BD,864791,121,-1.0
1558645702,3757419011,D,174922875,705776,8844.0
1558645702,3757419011,BD,772000,89,-1.0
821844429,2214440989,D,195248792,774322,13676.0
821844429,2214440989,BD,699000,69,-1.0
3254402443,3575021117,D,19853917,46949,2064.0
3254402443,3575021117,BD,1048333,181,-1.0
1313455963,2353702612,D,271230916,1022371,15266.0
1313455963,2353702612,BD,831125,102,-1.0
4524904419,4967941633,D,143340375,518968,6415.0
4524904419,4967941633,BD,1362500,230,-1.0
2844686311,482232714,D,242033084,888525,18221.0
2844686311,482232714,BD,573875,46,-1.0
885663964,411718863,D,105265583,375705,4504.0
885663964,411718863,BD,1407959,265,-1.0
1173097999,253424754,D,136482250,475949,9347.0
1173097999,253424754,BD,941958,124,-1.0
4004017827,2258728570,D,97737292,283872,4450.0
4004017827,2258728570,BD,1597375,448,-1.0
305028857,4813528791,D,208356625,783890,10636.0
305028857,4813528791,BD,1014708,155,-1.0
362793652,1346050371,D,236134750,815095,11802.0
362793652,1346050371,BD,1420583,315,-1.0
282180825,473594049,D,254668375,922554,11964.0
282180825,473594049,BD,1278041,260,-1.0
1274871390,3340808187,D,4323791,6413,1059.0
1274871390,3340808187,BD,2350458,791,-1.0
4777035244,431870757,D,95724584,359008,9200.0
4777035244,431870757,BD,1328500,309,-1.0
3211662083,289739051,D,203456875,788245,10358.0
3211662083,289739051,BD,563042,38,-1.0
1102688623,3374070844,D,42059125,132335,4322.0
1102688623,3374070844,BD,1248625,281,-1.0
1890536315,57822063,D,189730375,758551,13757.0
1890536315,57822063,BD,1024583,161,-1.0
2724962630,254506168,D,155835084,598873,12116.0
2724962630,254506168,BD,932375,139,-1.0
2480493928,4515106488,D,296972333,1003865,10195.0
2480493928,4515106488,BD,1334375,310,-1.0
2288145010,1128835653,D,55355167,183725,5958.0
2288145010,1128835653,BD,994250,161,-1.0
2392418579,281382580,D,257364333,920621,12554.0
2392418579,281382580,BD,1397583,406,-1.0
2296669587,1105292327,D,6025125,11048,914.0
2296669587,1105292327,BD,673125,54,-1.0
62926293,1586671834,D,185122125,716685,7912.0
62926293,1586671834,BD,1709708,476,-1.0
299612745,1698474403,D,294588125,1114870,14679.0
299612745,1698474403,BD,1250750,227,-1.0
429245504,410724034,D,29587291,84693,3775.0
429245504,410724034,BD,1914000,577,-1.0
149201938,1355669405,D,269283666,952911,11152.0
149201938,1355669405,BD,841500,105,-1.0
3812047825,412495888,D,327976458,1140466,20440.0
3812047825,412495888,BD,905208,129,-1.0
3757665248,3330556438,D,146005875,530462,7291.0
3757665248,3330556438,BD,879875,110,-1.0
6488538,280438235,D,121395417,421960,9821.0
6488538,280438235,BD,600083,49,-1.0
30146319,1194491532,D,271502708,1063460,19585.0
30146319,1194491532,BD,970625,134,-1.0
1089372321,439966024,D,70342958,217930,5024.0
1089372321,439966024,BD,1823625,571,-1.0
4983636543,2964306493,D,273001084,1050593,15131.0
4983636543,2964306493,BD,932417,139,-1.0
317204401,1365729039,D,132096375,454775,5297.0
317204401,1365729039,BD,1200958,247,-1.0
1136503961,1477256484,D,195900292,736609,7608.0
1136503961,1477256484,BD,1154416,218,-1.0
347637302,251077085,D,50000083,163456,3308.0
347637302,251077085,BD,802000,88,-1.0
1137710538,2873423156,D,175780334,680850,8660.0
1137710538,2873423156,BD,1682333,479,-1.0
3473271041,265577000,D,145994000,511235,7884.0
3473271041,265577000,BD,1505792,241,-1.0
316468766,4478840928,D,151612917,567443,11407.0
316468766,4478840928,BD,1080542,204,-1.0
5233021250,27328365,D,39050208,112754,1928.0
5233021250,27328365,BD,816958,106,-1.0
4793177254,1145505271,D,282476541,1065336,18964.0
4793177254,1145505271,BD,1263333,285,-1.0
420319753,1392637990,D,44760166,146033,4294.0
420319753,1392637990,BD,1030458,174,-1.0
3072297732,147687,D,23191875,57177,2279.0
3072297732,147687,BD,635833,58,-1.0
1956158997,1142743641,D,75474084,258565,4384.0
1956158997,1142743641,BD,2516167,990,-1.0
2786391651,706671272,D,43955583,147718,5587.0
2786391651,706671272,BD,1170292,230,-1.0
284828629,4929251087,D,129155000,438023,5985.0
284828629,4929251087,BD,574834,36,-1.0
2063782868,270147522,D,141399667,510744,10111.0
2063782868,270147522,BD,1652750,467,-1.0
4952820111,4618478366,D,128655250,425837,4629.0
4952820111,4618478366,BD,548666,32,-1.0
4629373230,30562062,D,67799250,213188,3869.0
4629373230,30562062,BD,2584083,958,-1.0
2417402023,3768666955,D,295908166,1160989,16022.0
2417402023,3768666955,BD,587167,49,-1.0
244153926,2394525760,D,171966917,626962,7988.0
244153926,2394525760,BD,733791,81,-1.0
2282802659,1185027015,D,210895875,789238,11563.0
2282802659,1185027015,BD,1181583,230,-1.0
27208745,2040316761,D,71336208,231711,3790.0
27208745,2040316761,BD,984166,133,-1.0
270128718,1810220328,D,316812042,1127127,12507.0
270128718,1810220328,BD,1102750,203,-1.0
1144005432,306246634,D,237263958,846239,12954.0
1144005432,306246634,BD,1149084,189,-1.0
1685235941,392112968,D,263515000,1033167,13333.0
1685235941,392112968,BD,1049625,158,-1.0
245455067,1945673590,D,242724959,865400,8970.0
245455067,1945673590,BD,581791,38,-1.0
1735749987,582823827,D,257601625,945514,12905.0
1735749987,582823827,BD,1234791,262,-1.0
3675037672,3945879169,D,102140708,341334,4712.0
3675037672,3945879169,BD,2303167,722,-1.0
660897490,394942280,D,241789542,875580,12164.0
660897490,394942280,BD,2264833,796,-1.0
265718799,3475281674,D,190372542,675426,12876.0
265718799,3475281674,BD,648375,58,-1.0
124168526,1408517906,D,302359334,1073032,14083.0
124168526,1408517906,BD,986042,146,-1.0
915516953,244902575,D,17786459,37351,3832.0
915516953,244902575,BD,2407917,842,-1.0
882323102,218090766,D,155351291,563346,6788.0
882323102,218090766,BD,1237666,149,-1.0
1581201122,1562573702,D,79549042,266045,4252.0
1581201122,1562573702,BD,573250,32,-1.0
4793177262,2493781961,D,134832708,491456,12131.0
4793177262,2493781961,BD,574500,36,-1.0
5418028887,3841899496,D,195108166,711236,10842.0
5418028887,3841899496,BD,812041,105,-1.0
1183206870,122827336,D,261908209,942092,14409.0
1183206870,122827336,BD,550084,39,-1.0
763073835,1352341152,D,255864417,928828,12496.0
763073835,1352341152,BD,1048125,181,-1.0
2038571784,251113936,D,123415209,417241,6762.0
2038571784,251113936,BD,1475125,363,-1.0
1678452087,1276827695,D,287507167,1075907,18264.0
1678452087,1276827695,BD,1139250,210,-1.0
361133846,2215067704,D,37569000,113073,6188.0
361133846,2215067704,BD,1182334,233,-1.0
3206564589,2507522597,D,13292125,27865,1516.0
3206564589,2507522597,BD,585083,44,-1.0
3241851803,2394118041,D,43062958,143762,4694.0
3241851803,2394118041,BD,622959,49,-1.0
1740313154,703310315,D,122109750,425460,7302.0
1740313154,703310315,BD,1852833,503,-1.0
4385003005,4422412588,D,176849208,645695,14642.0
4385003005,4422412588,BD,731583,101,-1.0
2207329414,4888037673,D,282161750,1029796,18128.0
2207329414,4888037673,BD,910166,122,-1.0
1246341646,281725401,D,161445500,593677,7215.0
1246341646,281725401,BD,1533375,423,-1.0
2990364121,280349131,D,216614959,755558,10354.0
2990364121,280349131,BD,1278250,288,-1.0
3104057951,624525409,D,123573708,412518,8544.0
3104057951,624525409,BD,1522375,406,-1.0
1411315316,1597735138,D,76368333,247560,3271.0
1411315316,1597735138,BD,827541,103,-1.0
305029101,280683525,D,122835834,406559,5975.0
305029101,280683525,BD,2327208,702,-1.0
1631777085,1419122745,D,198896375,773029,13685.0
1631777085,1419122745,BD,2475042,816,-1.0
1538637897,3296593282,D,137100875,515987,12267.0
1538637897,3296593282,BD,2227792,620,-1.0
3006856856,507095248,D,134606750,467547,8830.0
3006856856,507095248,BD,883458,135,-1.0
3276769667,1937256675,D,107308167,403627,5119.0
3276769667,1937256675,BD,793250,84,-1.0
3311912971,224586092,D,187981792,743338,10665.0
3311912971,224586092,BD,854125,114,-1.0
1949544278,3174516836,D,157917166,541472,6168.0
1949544278,3174516836,BD,1420334,360,-1.0
1282623497,258867974,D,133893708,494644,12728.0
1282623497,258867974,BD,971083,149,-1.0
278781447,2590120758,D,128255417,419584,9085.0
278781447,2590120758,BD,844791,108,-1.0
2090465181,4776994557,D,24506292,62972,1222.0
2090465181,4776994557,BD,1260167,279,-1.0
472397346,84850594,D,165415125,576085,5969.0
472397346,84850594,BD,736916,82,-1.0
417989181,3224531921,D,50842500,167909,5310.0
417989181,3224531921,BD,595542,48,-1.0
111721513,367042330,D,292471750,1077448,13440.0
111721513,367042330,BD,2751375,1196,-1.0
269895026,1129754296,D,130223083,449135,6949.0
269895026,1129754296,BD,726208,79,-1.0
2190032085,2072985957,D,75837833,255280,4008.0
2190032085,2072985957,BD,1211500,219,-1.0
2363323926,95282634,D,90527041,333101,6291.0
2363323926,95282634,BD,2661208,940,-1.0
447560667,3353651855,D,224862875,852050,16236.0
447560667,3353651855,BD,796334,99,-1.0
2255072412,2269080278,D,46875042,150536,4004.0
2255072412,2269080278,BD,1160875,236,-1.0
3276854973,279727595,D,269701584,886057,11098.0
3276854973,279727595,BD,954083,141,-1.0
410828817,5030093933,D,269513208,967833,13027.0
410828817,5030093933,BD,589458,42,-1.0
2202838906,2493168493,D,16702375,36618,1797.0
2202838906,2493168493,BD,752542,84,-1.0
1578752078,1300415182,D,140667250,414324,5204.0
1578752078,1300415182,BD,581583,35,-1.0
1171107330,321349836,D,192009583,773741,10738.0
1171107330,321349836,BD,1032250,191,-1.0
38327563,696987653,D,6365042,11712,948.0
38327563,696987653,BD,944333,145,-1.0
4458078188,4865064202,D,106902459,395203,9238.0
4458078188,4865064202,BD,1524541,381,-1.0
2394526236,333137255,D,155014459,564040,7375.0
2394526236,333137255,BD,840042,101,-1.0
1223247356,1215567556,D,25306083,64345,2537.0
1223247356,1215567556,BD,1536542,397,-1.0
3303369231,1086471460,D,169765875,668341,13671.0
3303369231,1086471460,BD,788625,74,-1.0
1349527632,4248359400,D,145081750,525602,10791.0
1349527632,4248359400,BD,822333,104,-1.0
891069468,351110654,D,281381792,1108749,17846.0
891069468,351110654,BD,748666,86,-1.0
401298377,278220502,D,98464792,354583,8445.0
401298377,278220502,BD,2506333,928,-1.0
3392283824,565676752,D,283409458,1085679,16385.0
3392283824,565676752,BD,1534750,395,-1.0
3284640409,287272562,D,120853458,407635,5215.0
3284640409,287272562,BD,677542,66,-1.0
1590020836,1846433041,D,89311750,319601,4425.0
1590020836,1846433041,BD,730167,73,-1.0
267196839,5390694752,D,296880292,1114369,13946.0
267196839,5390694752,BD,794292,88,-1.0
1385229650,1462993174,D,183144125,697612,9587.0
1385229650,1462993174,BD,956125,149,-1.0
459839523,576753608,D,259337084,958892,12346.0
459839523,576753608,BD,1264459,236,-1.0
2068592948,4681977865,D,106359500,347169,3892.0
2068592948,4681977865,BD,563167,36,-1.0
1105173080,345522066,D,305086542,1067758,17220.0
1105173080,345522066,BD,860167,112,-1.0
901223909,412516150,D,302537542,1142063,12663.0
901223909,412516150,BD,999458,217,-1.0
1132488008,4330683306,D,163428750,636300,8897.0
1132488008,4330683306,BD,1412208,292,-1.0
47021985,2064649066,D,250079750,878837,13777.0
47021985,2064649066,BD,937083,137,-1.0
2225531922,3720095244,D,140798709,493536,8370.0
2225531922,3720095244,BD,1178583,253,-1.0
376659558,285915579,D,17394917,38708,3095.0
376659558,285915579,BD,935167,131,-1.0
268227404,1558249131,D,82254125,279041,8090.0
268227404,1558249131,BD,1161917,221,-1.0
2493506652,3947461689,D,293269083,1121611,14435.0
2493506652,3947461689,BD,886834,96,-1.0
4947651934,2647920721,D,291411042,1053394,11031.0
4947651934,2647920721,BD,756417,69,-1.0
2624598813,277895126,D,31243334,86571,1110.0
2624598813,277895126,BD,612417,46,-1.0
364630636,1583322410,D,18296416,39786,1309.0
364630636,1583322410,BD,530333,32,-1.0
278297536,3354215242,D,259739417,939170,12957.0
278297536,3354215242,BD,1280583,264,-1.0
3692854152,4855127966,D,83009542,284727,3972.0
3692854152,4855127966,BD,1208333,198,-1.0
1806911124,372415379,D,101263583,398520,7685.0
1806911124,372415379,BD,525042,28,-1.0
656072018,373114835,D,211947125,799690,13367.0
656072018,373114835,BD,1384500,341,-1.0
3142707475,4524018052,D,139259666,475855,6079.0
3142707475,4524018052,BD,1425084,324,-1.0
256905748,359968118,D,278303125,919686,13758.0
256905748,359968118,BD,861417,116,-1.0
4870281318,446275897,D,163456166,621353,12544.0
4870281318,446275897,BD,649917,55,-1.0
1510041580,494660181,D,257564125,940158,13452.0
1510041580,494660181,BD,990958,160,-1.0
481348706,1601689379,D,189147000,718881,14617.0
481348706,1601689379,BD,655750,65,-1.0
1106361628,1822661609,D,299412334,1150750,16010.0
1106361628,1822661609,BD,1473291,443,-1.0
4881793942,1335931532,D,122030917,443763,8632.0
4881793942,1335931532,BD,1130750,175,-1.0
280313621,1175487180,D,50352000,163758,7470.0
280313621,1175487180,BD,1818166,530,-1.0
846242335,1281634300,D,116612958,413632,7227.0
846242335,1281634300,BD,1080500,183,-1.0
364363012,1496795337,D,30447583,89548,3004.0
364363012,1496795337,BD,788334,83,-1.0
5155530997,290774714,D,161545833,605239,11188.0
5155530997,290774714,BD,985125,153,-1.0
4521955071,527359376,D,76528292,257582,5626.0
4521955071,527359376,BD,971334,156,-1.0
450153671,549353326,D,151315375,580619,12667.0
450153671,549353326,BD,1416333,283,-1.0
1722851933,202398128,D,43368125,131961,1989.0
1722851933,202398128,BD,872417,114,-1.0
64936794,281258795,D,126812292,459540,7463.0
64936794,281258795,BD,656500,61,-1.0
248210422,1234226384,D,298497709,1072355,14087.0
248210422,1234226384,BD,1966500,594,-1.0
1064256570,2786472802,D,309521542,1164989,20806.0
1064256570,2786472802,BD,916000,172,-1.0
75681153,4434857548,D,198384416,761448,7892.0
75681153,4434857548,BD,1434250,354,-1.0
1377817109,1489014699,D,222452875,797928,9182.0
1377817109,1489014699,BD,1915709,571,-1.0
4079873327,1153293714,D,130482500,472111,7944.0
4079873327,1153293714,BD,1107708,211,-1.0
2589230680,1432083907,D,151544291,576439,9419.0
2589230680,1432083907,BD,2022584,645,-1.0
3411631617,277563017,D,52771750,160585,2186.0
3411631617,277563017,BD,1050541,187,-1.0
262365063,462263694,D,65953417,205849,7259.0
262365063,462263694,BD,841417,107,-1.0
3238753673,2751449488,D,193259084,740877,10988.0
3238753673,2751449488,BD,2040166,693,-1.0
4117057554,3672278695,D,280964541,1017626,17813.0
4117057554,3672278695,BD,504250,18,-1.0
968514018,1756566086,D,269982125,979200,18217.0
968514018,1756566086,BD,1464000,344,-1.0
420340129,1573784344,D,148380792,562411,7877.0
420340129,1573784344,BD,729334,81,-1.0
1588763611,1815329205,D,314432416,1002127,15339.0
1588763611,1815329205,BD,589333,49,-1.0
2498179235,383885768,D,188626750,735708,10889.0
2498179235,383885768,BD,1745708,538,-1.0
2249899028,4790620393,D,246478458,853531,9041.0
2249899028,4790620393,BD,1163500,206,-1.0
309866617,1588721751,D,165060458,634088,7019.0
309866617,1588721751,BD,627625,43,-1.0
1145294438,3707575246,D,280458875,974873,17909.0
1145294438,3707575246,BD,1293291,244,-1.0
349331362,1250615170,D,311036917,1061685,19919.0
349331362,1250615170,BD,899292,133,-1.0
3345684273,1165969856,D,244096166,919524,16955.0
3345684273,1165969856,BD,1761500,482,-1.0
415998098,294237095,D,169870375,644052,6972.0
415998098,294237095,BD,3029916,1264,-1.0
252188538,1384999856,D,137324959,451421,8238.0
252188538,1384999856,BD,939583,141,-1.0
2377836600,2834284784,D,202070917,717239,14930.0
2377836600,2834284784,BD,920917,128,-1.0
1166545720,471531763,D,153389833,557980,6339.0
1166545720,471531763,BD,1066250,185,-1.0
1625727531,1574251062,D,181431792,699392,13759.0
1625727531,1574251062,BD,17105459,935,-1.0
745849571,469952262,D,144534417,512142,7833.0
745849571,469952262,BD,614166,51,-1.0
4441341610,4788404945,D,56879000,195944,6928.0
4441341610,4788404945,BD,1135750,219,-1.0
3713410089,4449953369,D,191803542,682309,9179.0
3713410089,4449953369,BD,1437334,354,-1.0
1550849673,4418804874,D,92834333,328066,5601.0
1550849673,4418804874,BD,586167,44,-1.0
32347665,288707378,D,100864750,383581,9966.0
32347665,288707378,BD,610250,46,-1.0
2453313869,4571120030,D,88700708,332037,7677.0
2453313869,4571120030,BD,1259041,275,-1.0
3473563364,1142864158,D,216253333,765823,11060.0
3473563364,1142864158,BD,2023167,641,-1.0
1088506935,1956310317,D,21370334,50085,2225.0
1088506935,1956310317,BD,1771250,523,-1.0
251701414,252160576,D,45514084,146930,3168.0
251701414,252160576,BD,1912500,571,-1.0
1311891859,4355220966,D,253808000,915016,15087.0
1311891859,4355220966,BD,2225875,753,-1.0
3774630006,1350812668,D,121920083,400920,7714.0
3774630006,1350812668,BD,731583,77,-1.0
5245535652,10703297,D,150218625,544652,7702.0
5245535652,10703297,BD,1094666,185,-1.0
310879715,3109334989,D,100224875,325300,5063.0
310879715,3109334989,BD,1421125,339,-1.0
392991096,1233968325,D,203179750,788235,15278.0
392991096,1233968325,BD,1520042,360,-1.0
2179488202,2538720619,D,205603958,802843,11212.0
2179488202,2538720619,BD,2602750,1017,-1.0
2181415840,248157490,D,19146459,42227,2553.0
2181415840,248157490,BD,1009083,157,-1.0
2512599130,252577719,D,23072750,56399,2071.0
2512599130,252577719,BD,1710084,488,-1.0
829460965,2077338332,D,192380875,779658,13086.0
829460965,2077338332,BD,1263542,300,-1.0
1369159263,277804678,D,196636417,774633,8295.0
1369159263,277804678,BD,665500,50,-1.0
2393275126,4551526676,D,138540916,497023,5792.0
2393275126,4551526676,BD,559709,37,-1.0
3362335321,1304250267,D,278494209,1082524,16806.0
3362335321,1304250267,BD,1288833,297,-1.0
337834300,372787434,D,159026875,489541,5808.0
337834300,372787434,BD,1409583,321,-1.0
294174744,2458256894,D,3313875,5082,601.0
294174744,2458256894,BD,1821625,566,-1.0
2282323271,1740838019,D,44182125,145109,3789.0
2282323271,1740838019,BD,1461791,363,-1.0
2175306717,423080056,D,151762500,606767,12066.0
2175306717,423080056,BD,1489291,376,-1.0
881236144,4691802700,D,54899042,180468,5769.0
881236144,4691802700,BD,1432375,331,-1.0
2514867577,4489783007,D,50185208,163954,3485.0
2514867577,4489783007,BD,1967584,629,-1.0
190717165,248157984,D,148438208,519127,6538.0
190717165,248157984,BD,866791,123,-1.0
173991493,409553025,D,88429167,303962,3943.0
173991493,409553025,BD,1053375,159,-1.0
1688495520,3858883458,D,292856000,1174973,26158.0
1688495520,3858883458,BD,1525333,404,-1.0
4888176290,3471271052,D,35232750,109039,2458.0
4888176290,3471271052,BD,884500,115,-1.0
437134589,4794637486,D,149083084,540038,6319.0
437134589,4794637486,BD,924875,128,-1.0
413477703,1632462922,D,59002541,188370,6408.0
413477703,1632462922,BD,1018958,174,-1.0
1586338161,484688359,D,253960291,916737,14113.0
1586338161,484688359,BD,1385459,346,-1.0
2446832759,1456334002,D,119449042,420639,7275.0
2446832759,1456334002,BD,1757125,496,-1.0
1706172126,4618478351,D,241584209,916082,17581.0
1706172126,4618478351,BD,987209,164,-1.0
4703294563,5116150024,D,140329542,519607,10600.0
4703294563,5116150024,BD,555166,36,-1.0
4209656576,1460418067,D,214289833,772609,13960.0
4209656576,1460418067,BD,755542,83,-1.0
3890555136,27351818,D,170746667,644956,8687.0
3890555136,27351818,BD,856250,112,-1.0
2217267293,1666611190,D,239312667,839209,13146.0
2217267293,1666611190,BD,1208625,230,-1.0
313547069,2785921971,D,229200083,842997,14635.0
313547069,2785921971,BD,2500375,901,-1.0
1546456065,57231398,D,81699208,284806,3530.0
1546456065,57231398,BD,1182333,179,-1.0
3887954916,1239291317,D,172079042,678791,13215.0
3887954916,1239291317,BD,1276625,250,-1.0
1113376828,252621032,D,54479250,188082,3248.0
1113376828,252621032,BD,1469791,388,-1.0
3998909987,540394691,D,54720667,177775,3142.0
3998909987,540394691,BD,2342208,679,-1.0
4931830581,2341535507,D,76455625,269404,5802.0
4931830581,2341535507,BD,983541,153,-1.0
433569930,1146038138,D,232916041,843201,11167.0
433569930,1146038138,BD,1269875,284,-1.0
87285663,313777144,D,147228958,567321,13294.0
87285663,313777144,BD,1522209,388,-1.0
759791920,30097881,D,299455042,1036198,16618.0
759791920,30097881,BD,845417,109,-1.0
3255614605,1576155293,D,70677458,214661,2966.0
3255614605,1576155293,BD,790458,93,-1.0
2845922371,443707163,D,45435250,146490,2819.0
2845922371,443707163,BD,806625,107,-1.0
2685475007,966600937,D,70922167,241008,3588.0
2685475007,966600937,BD,1472000,288,-1.0
2640834842,4513048376,D,302430625,1174756,24364.0
2640834842,4513048376,BD,769166,90,-1.0
3793896458,265483684,D,254268791,919564,14035.0
3793896458,265483684,BD,1052459,148,-1.0
411273934,4876646983,D,123795916,445774,5736.0
411273934,4876646983,BD,1170875,231,-1.0
1023324780,1609396675,D,101540416,363498,7203.0
1023324780,1609396675,BD,2460250,941,-1.0
3942505768,4943891424,D,259822709,860091,17182.0
3942505768,4943891424,BD,1313375,310,-1.0
2313212509,1576178208,D,165813709,673740,14204.0
2313212509,1576178208,BD,1540333,410,-1.0
568117722,3508736217,D,18420375,41452,1380.0
568117722,3508736217,BD,788958,86,-1.0
5141094677,1782944359,D,260144917,991018,17320.0
5141094677,1782944359,BD,1080083,255,-1.0
1986151231,1233588359,D,139671958,500868,5958.0
1986151231,1233588359,BD,921958,112,-1.0
4114809836,778183926,D,57571791,200924,4647.0
4114809836,778183926,BD,1225458,324,-1.0
1163004051,1301903235,D,162655334,604222,9388.0
1163004051,1301903235,BD,1889084,526,-1.0
1445046858,1105542692,D,264250500,989009,16321.0
1445046858,1105542692,BD,2295875,786,-1.0
1433570553,1370770103,D,145594125,515703,8442.0
1433570553,1370770103,BD,797333,98,-1.0
1023085285,4200252933,D,306177542,1073710,14206.0
1023085285,4200252933,BD,1056958,172,-1.0
1583332861,3973037739,D,276765458,1024275,18022.0
1583332861,3973037739,BD,944542,147,-1.0
1877830749,1277218444,D,180949083,711064,12819.0
1877830749,1277218444,BD,1032541,184,-1.0
1362329772,347638689,D,292028625,1129307,20435.0
1362329772,347638689,BD,802375,95,-1.0
5423329176,2336927552,D,280517375,1071330,18185.0
5423329176,2336927552,BD,525875,26,-1.0
2465043236,1814303496,D,129889583,468300,9076.0
2465043236,1814303496,BD,863459,169,-1.0
430333288,1386025429,D,98957459,354363,5617.0
430333288,1386025429,BD,1285125,227,-1.0
223620188,1361965007,D,160286959,551272,7636.0
223620188,1361965007,BD,1368000,261,-1.0
280406015,1826086654,D,130872209,475678,10098.0
280406015,1826086654,BD,708125,72,-1.0
3262418126,1196611250,D,279854208,1079901,17519.0
3262418126,1196611250,BD,1067375,200,-1.0
3957392544,1083342747,D,188308000,699866,8542.0
3957392544,1083342747,BD,1032333,162,-1.0
925335573,5290229010,D,210081333,768502,8766.0
925335573,5290229010,BD,1685125,489,-1.0
1269550834,1270712181,D,155796750,557076,6032.0
1269550834,1270712181,BD,582292,39,-1.0
410309135,312569699,D,40809500,107173,2702.0
410309135,312569699,BD,572333,30,-1.0
1139615882,1147625544,D,96205833,297037,7096.0
1139615882,1147625544,BD,511959,20,-1.0
252251319,5072282084,D,229984125,730089,7632.0
252251319,5072282084,BD,1308292,268,-1.0
1106752890,1124861321,D,158108375,521013,8468.0
1106752890,1124861321,BD,978625,154,-1.0
253692296,301154640,D,171369125,609917,6665.0
253692296,301154640,BD,1876375,568,-1.0
2688114062,1656716181,D,284487125,1019248,15209.0
2688114062,1656716181,BD,1038084,174,-1.0
3811629755,301862206,D,249212667,911289,12514.0
3811629755,301862206,BD,565583,39,-1.0
410647008,4964137,D,145937625,514052,5955.0
410647008,4964137,BD,1141917,220,-1.0
461961249,2598980915,D,47399458,158169,3948.0
461961249,2598980915,BD,2502458,1009,-1.0
3898771211,3921009590,D,74649792,225913,3509.0
3898771211,3921009590,BD,579875,42,-1.0
882317603,1358244619,D,234036750,820043,9557.0
882317603,1358244619,BD,2070125,577,-1.0
1597730302,1349039490,D,348246125,920531,12352.0
1597730302,1349039490,BD,2697625,1038,-1.0
261728709,288218415,D,312240834,1106315,11405.0
261728709,288218415,BD,579584,41,-1.0
1123859277,5216726418,D,253400083,952984,18323.0
1123859277,5216726418,BD,493833,21,-1.0
126020734,582753336,D,149958500,559487,9054.0
126020734,582753336,BD,1138167,188,-1.0
2830834047,589995166,D,78392583,267201,5178.0
2830834047,589995166,BD,852708,96,-1.0
122020558,2484633246,D,147874417,489043,5217.0
122020558,2484633246,BD,813250,99,-1.0
4371325115,699573771,D,175821042,627682,6632.0
4371325115,699573771,BD,1125250,201,-1.0
1375976046,130024560,D,180790375,640071,8800.0
1375976046,130024560,BD,583250,47,-1.0
15043473,1441030605,D,177858250,554875,5889.0
15043473,1441030605,BD,1372459,341,-1.0
310789653,1696144144,D,282009166,1019026,14216.0
310789653,1696144144,BD,933166,131,-1.0
1339438854,3424970506,D,249297875,952158,20650.0
1339438854,3424970506,BD,1403583,341,-1.0
4932626332,4329455329,D,176219792,673657,7343.0
4932626332,4329455329,BD,861959,113,-1.0
393716464,4550165993,D,295514875,1028438,17460.0
393716464,4550165993,BD,480833,18,-1.0
3730757897,1275670765,D,345493792,1141070,13502.0
3730757897,1275670765,BD,1475208,358,-1.0
797212935,320006606,D,292134375,1074060,11439.0
797212935,320006606,BD,1053792,175,-1.0
1659127594,484632878,D,247066166,852856,11302.0
1659127594,484632878,BD,1512750,383,-1.0
3498795956,1201806347,D,187386584,675129,10383.0
3498795956,1201806347,BD,916917,123,-1.0
697805612,26656220,D,310623666,1148027,13894.0
697805612,26656220,BD,856333,109,-1.0
1719331852,1415118394,D,63633375,188621,3657.0
1719331852,1415118394,BD,1195959,186,-1.0
803224507,585149559,D,269694750,1015809,11025.0
803224507,585149559,BD,1213375,229,-1.0
